description,sequence,fitness
Q2A,MAYKLILNGKTLKGETTTEAVDAATAEKVFKQYANDNGVDGEWTYDDATKTFTVTE,1.518
Q2C,MCYKLILNGKTLKGETTTEAVDAATAEKVFKQYANDNGVDGEWTYDDATKTFTVTE,1.024
Q2D,MDYKLILNGKTLKGETTTEAVDAATAEKVFKQYANDNGVDGEWTYDDATKTFTVTE,0.911
Q2E,MEYKLILNGKTLKGETTTEAVDAATAEKVFKQYANDNGVDGEWTYDDATKTFTVTE,0.952
Q2F,MFYKLILNGKTLKGETTTEAVDAATAEKVFKQYANDNGVDGEWTYDDATKTFTVTE,1.617
Q2G,MGYKLILNGKTLKGETTTEAVDAATAEKVFKQYANDNGVDGEWTYDDATKTFTVTE,1.29
Q2H,MHYKLILNGKTLKGETTTEAVDAATAEKVFKQYANDNGVDGEWTYDDATKTFTVTE,1.226
Q2I,MIYKLILNGKTLKGETTTEAVDAATAEKVFKQYANDNGVDGEWTYDDATKTFTVTE,1.27
Q2K,MKYKLILNGKTLKGETTTEAVDAATAEKVFKQYANDNGVDGEWTYDDATKTFTVTE,1.331
Q2L,MLYKLILNGKTLKGETTTEAVDAATAEKVFKQYANDNGVDGEWTYDDATKTFTVTE,1.374
Q2M,MMYKLILNGKTLKGETTTEAVDAATAEKVFKQYANDNGVDGEWTYDDATKTFTVTE,1.445
Q2N,MNYKLILNGKTLKGETTTEAVDAATAEKVFKQYANDNGVDGEWTYDDATKTFTVTE,1.132
Q2P,MPYKLILNGKTLKGETTTEAVDAATAEKVFKQYANDNGVDGEWTYDDATKTFTVTE,1.424
Q2R,MRYKLILNGKTLKGETTTEAVDAATAEKVFKQYANDNGVDGEWTYDDATKTFTVTE,1.548
Q2S,MSYKLILNGKTLKGETTTEAVDAATAEKVFKQYANDNGVDGEWTYDDATKTFTVTE,1.275
Q2T,MTYKLILNGKTLKGETTTEAVDAATAEKVFKQYANDNGVDGEWTYDDATKTFTVTE,1.325
Q2V,MVYKLILNGKTLKGETTTEAVDAATAEKVFKQYANDNGVDGEWTYDDATKTFTVTE,1.176
Q2W,MWYKLILNGKTLKGETTTEAVDAATAEKVFKQYANDNGVDGEWTYDDATKTFTVTE,1.456
Q2Y,MYYKLILNGKTLKGETTTEAVDAATAEKVFKQYANDNGVDGEWTYDDATKTFTVTE,1.393
Y3A,MQAKLILNGKTLKGETTTEAVDAATAEKVFKQYANDNGVDGEWTYDDATKTFTVTE,0.579
Y3C,MQCKLILNGKTLKGETTTEAVDAATAEKVFKQYANDNGVDGEWTYDDATKTFTVTE,0.616
Y3D,MQDKLILNGKTLKGETTTEAVDAATAEKVFKQYANDNGVDGEWTYDDATKTFTVTE,0.01
Y3E,MQEKLILNGKTLKGETTTEAVDAATAEKVFKQYANDNGVDGEWTYDDATKTFTVTE,0.009
Y3F,MQFKLILNGKTLKGETTTEAVDAATAEKVFKQYANDNGVDGEWTYDDATKTFTVTE,1.054
Y3G,MQGKLILNGKTLKGETTTEAVDAATAEKVFKQYANDNGVDGEWTYDDATKTFTVTE,0.034
Y3H,MQHKLILNGKTLKGETTTEAVDAATAEKVFKQYANDNGVDGEWTYDDATKTFTVTE,1.151
Y3I,MQIKLILNGKTLKGETTTEAVDAATAEKVFKQYANDNGVDGEWTYDDATKTFTVTE,0.288
Y3K,MQKKLILNGKTLKGETTTEAVDAATAEKVFKQYANDNGVDGEWTYDDATKTFTVTE,0.052
Y3L,MQLKLILNGKTLKGETTTEAVDAATAEKVFKQYANDNGVDGEWTYDDATKTFTVTE,0.791
Y3M,MQMKLILNGKTLKGETTTEAVDAATAEKVFKQYANDNGVDGEWTYDDATKTFTVTE,0.604
Y3N,MQNKLILNGKTLKGETTTEAVDAATAEKVFKQYANDNGVDGEWTYDDATKTFTVTE,0.111
Y3P,MQPKLILNGKTLKGETTTEAVDAATAEKVFKQYANDNGVDGEWTYDDATKTFTVTE,0.069
Y3Q,MQQKLILNGKTLKGETTTEAVDAATAEKVFKQYANDNGVDGEWTYDDATKTFTVTE,0.181
Y3R,MQRKLILNGKTLKGETTTEAVDAATAEKVFKQYANDNGVDGEWTYDDATKTFTVTE,0.082
Y3S,MQSKLILNGKTLKGETTTEAVDAATAEKVFKQYANDNGVDGEWTYDDATKTFTVTE,0.277
Y3T,MQTKLILNGKTLKGETTTEAVDAATAEKVFKQYANDNGVDGEWTYDDATKTFTVTE,0.151
Y3V,MQVKLILNGKTLKGETTTEAVDAATAEKVFKQYANDNGVDGEWTYDDATKTFTVTE,0.305
Y3W,MQWKLILNGKTLKGETTTEAVDAATAEKVFKQYANDNGVDGEWTYDDATKTFTVTE,1.114
K4A,MQYALILNGKTLKGETTTEAVDAATAEKVFKQYANDNGVDGEWTYDDATKTFTVTE,0.702
K4C,MQYCLILNGKTLKGETTTEAVDAATAEKVFKQYANDNGVDGEWTYDDATKTFTVTE,0.761
K4D,MQYDLILNGKTLKGETTTEAVDAATAEKVFKQYANDNGVDGEWTYDDATKTFTVTE,0.582
K4E,MQYELILNGKTLKGETTTEAVDAATAEKVFKQYANDNGVDGEWTYDDATKTFTVTE,0.608
K4F,MQYFLILNGKTLKGETTTEAVDAATAEKVFKQYANDNGVDGEWTYDDATKTFTVTE,0.762
K4G,MQYGLILNGKTLKGETTTEAVDAATAEKVFKQYANDNGVDGEWTYDDATKTFTVTE,0.566
K4H,MQYHLILNGKTLKGETTTEAVDAATAEKVFKQYANDNGVDGEWTYDDATKTFTVTE,0.752
K4I,MQYILILNGKTLKGETTTEAVDAATAEKVFKQYANDNGVDGEWTYDDATKTFTVTE,0.965
K4L,MQYLLILNGKTLKGETTTEAVDAATAEKVFKQYANDNGVDGEWTYDDATKTFTVTE,1.33
K4M,MQYMLILNGKTLKGETTTEAVDAATAEKVFKQYANDNGVDGEWTYDDATKTFTVTE,0.958
K4N,MQYNLILNGKTLKGETTTEAVDAATAEKVFKQYANDNGVDGEWTYDDATKTFTVTE,0.692
K4P,MQYPLILNGKTLKGETTTEAVDAATAEKVFKQYANDNGVDGEWTYDDATKTFTVTE,0.032
K4Q,MQYQLILNGKTLKGETTTEAVDAATAEKVFKQYANDNGVDGEWTYDDATKTFTVTE,0.897
K4R,MQYRLILNGKTLKGETTTEAVDAATAEKVFKQYANDNGVDGEWTYDDATKTFTVTE,1.021
K4S,MQYSLILNGKTLKGETTTEAVDAATAEKVFKQYANDNGVDGEWTYDDATKTFTVTE,0.745
K4T,MQYTLILNGKTLKGETTTEAVDAATAEKVFKQYANDNGVDGEWTYDDATKTFTVTE,0.838
K4V,MQYVLILNGKTLKGETTTEAVDAATAEKVFKQYANDNGVDGEWTYDDATKTFTVTE,0.966
K4W,MQYWLILNGKTLKGETTTEAVDAATAEKVFKQYANDNGVDGEWTYDDATKTFTVTE,0.931
K4Y,MQYYLILNGKTLKGETTTEAVDAATAEKVFKQYANDNGVDGEWTYDDATKTFTVTE,0.772
L5A,MQYKAILNGKTLKGETTTEAVDAATAEKVFKQYANDNGVDGEWTYDDATKTFTVTE,0.565
L5C,MQYKCILNGKTLKGETTTEAVDAATAEKVFKQYANDNGVDGEWTYDDATKTFTVTE,0.78
L5D,MQYKDILNGKTLKGETTTEAVDAATAEKVFKQYANDNGVDGEWTYDDATKTFTVTE,0.004
L5E,MQYKEILNGKTLKGETTTEAVDAATAEKVFKQYANDNGVDGEWTYDDATKTFTVTE,0.007
L5F,MQYKFILNGKTLKGETTTEAVDAATAEKVFKQYANDNGVDGEWTYDDATKTFTVTE,0.52
L5G,MQYKGILNGKTLKGETTTEAVDAATAEKVFKQYANDNGVDGEWTYDDATKTFTVTE,0.223
L5H,MQYKHILNGKTLKGETTTEAVDAATAEKVFKQYANDNGVDGEWTYDDATKTFTVTE,0.187
L5I,MQYKIILNGKTLKGETTTEAVDAATAEKVFKQYANDNGVDGEWTYDDATKTFTVTE,0.206
L5K,MQYKKILNGKTLKGETTTEAVDAATAEKVFKQYANDNGVDGEWTYDDATKTFTVTE,0.014
L5M,MQYKMILNGKTLKGETTTEAVDAATAEKVFKQYANDNGVDGEWTYDDATKTFTVTE,0.368
L5N,MQYKNILNGKTLKGETTTEAVDAATAEKVFKQYANDNGVDGEWTYDDATKTFTVTE,0.391
L5P,MQYKPILNGKTLKGETTTEAVDAATAEKVFKQYANDNGVDGEWTYDDATKTFTVTE,0.007
L5Q,MQYKQILNGKTLKGETTTEAVDAATAEKVFKQYANDNGVDGEWTYDDATKTFTVTE,0.202
L5R,MQYKRILNGKTLKGETTTEAVDAATAEKVFKQYANDNGVDGEWTYDDATKTFTVTE,0.01
L5S,MQYKSILNGKTLKGETTTEAVDAATAEKVFKQYANDNGVDGEWTYDDATKTFTVTE,0.431
L5T,MQYKTILNGKTLKGETTTEAVDAATAEKVFKQYANDNGVDGEWTYDDATKTFTVTE,0.584
L5V,MQYKVILNGKTLKGETTTEAVDAATAEKVFKQYANDNGVDGEWTYDDATKTFTVTE,0.724
L5W,MQYKWILNGKTLKGETTTEAVDAATAEKVFKQYANDNGVDGEWTYDDATKTFTVTE,0.048
L5Y,MQYKYILNGKTLKGETTTEAVDAATAEKVFKQYANDNGVDGEWTYDDATKTFTVTE,0.083
I6A,MQYKLALNGKTLKGETTTEAVDAATAEKVFKQYANDNGVDGEWTYDDATKTFTVTE,0.734
I6C,MQYKLCLNGKTLKGETTTEAVDAATAEKVFKQYANDNGVDGEWTYDDATKTFTVTE,0.864
I6D,MQYKLDLNGKTLKGETTTEAVDAATAEKVFKQYANDNGVDGEWTYDDATKTFTVTE,0.688
I6E,MQYKLELNGKTLKGETTTEAVDAATAEKVFKQYANDNGVDGEWTYDDATKTFTVTE,1.141
I6F,MQYKLFLNGKTLKGETTTEAVDAATAEKVFKQYANDNGVDGEWTYDDATKTFTVTE,1.264
I6G,MQYKLGLNGKTLKGETTTEAVDAATAEKVFKQYANDNGVDGEWTYDDATKTFTVTE,1.145
I6H,MQYKLHLNGKTLKGETTTEAVDAATAEKVFKQYANDNGVDGEWTYDDATKTFTVTE,1.09
I6K,MQYKLKLNGKTLKGETTTEAVDAATAEKVFKQYANDNGVDGEWTYDDATKTFTVTE,1.087
I6L,MQYKLLLNGKTLKGETTTEAVDAATAEKVFKQYANDNGVDGEWTYDDATKTFTVTE,1.419
I6M,MQYKLMLNGKTLKGETTTEAVDAATAEKVFKQYANDNGVDGEWTYDDATKTFTVTE,0.831
I6N,MQYKLNLNGKTLKGETTTEAVDAATAEKVFKQYANDNGVDGEWTYDDATKTFTVTE,0.833
I6P,MQYKLPLNGKTLKGETTTEAVDAATAEKVFKQYANDNGVDGEWTYDDATKTFTVTE,0.004
I6Q,MQYKLQLNGKTLKGETTTEAVDAATAEKVFKQYANDNGVDGEWTYDDATKTFTVTE,1.101
I6R,MQYKLRLNGKTLKGETTTEAVDAATAEKVFKQYANDNGVDGEWTYDDATKTFTVTE,1.101
I6S,MQYKLSLNGKTLKGETTTEAVDAATAEKVFKQYANDNGVDGEWTYDDATKTFTVTE,0.769
I6T,MQYKLTLNGKTLKGETTTEAVDAATAEKVFKQYANDNGVDGEWTYDDATKTFTVTE,1.075
I6V,MQYKLVLNGKTLKGETTTEAVDAATAEKVFKQYANDNGVDGEWTYDDATKTFTVTE,1.055
I6W,MQYKLWLNGKTLKGETTTEAVDAATAEKVFKQYANDNGVDGEWTYDDATKTFTVTE,1.221
I6Y,MQYKLYLNGKTLKGETTTEAVDAATAEKVFKQYANDNGVDGEWTYDDATKTFTVTE,1.411
L7A,MQYKLIANGKTLKGETTTEAVDAATAEKVFKQYANDNGVDGEWTYDDATKTFTVTE,0.932
L7C,MQYKLICNGKTLKGETTTEAVDAATAEKVFKQYANDNGVDGEWTYDDATKTFTVTE,1.036
L7D,MQYKLIDNGKTLKGETTTEAVDAATAEKVFKQYANDNGVDGEWTYDDATKTFTVTE,0.023
L7E,MQYKLIENGKTLKGETTTEAVDAATAEKVFKQYANDNGVDGEWTYDDATKTFTVTE,0.134
L7F,MQYKLIFNGKTLKGETTTEAVDAATAEKVFKQYANDNGVDGEWTYDDATKTFTVTE,0.372
L7G,MQYKLIGNGKTLKGETTTEAVDAATAEKVFKQYANDNGVDGEWTYDDATKTFTVTE,0.267
L7H,MQYKLIHNGKTLKGETTTEAVDAATAEKVFKQYANDNGVDGEWTYDDATKTFTVTE,0.054
L7I,MQYKLIINGKTLKGETTTEAVDAATAEKVFKQYANDNGVDGEWTYDDATKTFTVTE,1.699
L7K,MQYKLIKNGKTLKGETTTEAVDAATAEKVFKQYANDNGVDGEWTYDDATKTFTVTE,0.261
L7M,MQYKLIMNGKTLKGETTTEAVDAATAEKVFKQYANDNGVDGEWTYDDATKTFTVTE,0.413
L7N,MQYKLINNGKTLKGETTTEAVDAATAEKVFKQYANDNGVDGEWTYDDATKTFTVTE,0.207
L7P,MQYKLIPNGKTLKGETTTEAVDAATAEKVFKQYANDNGVDGEWTYDDATKTFTVTE,0.52
L7Q,MQYKLIQNGKTLKGETTTEAVDAATAEKVFKQYANDNGVDGEWTYDDATKTFTVTE,0.181
L7R,MQYKLIRNGKTLKGETTTEAVDAATAEKVFKQYANDNGVDGEWTYDDATKTFTVTE,0.118
L7S,MQYKLISNGKTLKGETTTEAVDAATAEKVFKQYANDNGVDGEWTYDDATKTFTVTE,0.639
L7T,MQYKLITNGKTLKGETTTEAVDAATAEKVFKQYANDNGVDGEWTYDDATKTFTVTE,0.851
L7V,MQYKLIVNGKTLKGETTTEAVDAATAEKVFKQYANDNGVDGEWTYDDATKTFTVTE,1.257
L7W,MQYKLIWNGKTLKGETTTEAVDAATAEKVFKQYANDNGVDGEWTYDDATKTFTVTE,0.059
L7Y,MQYKLIYNGKTLKGETTTEAVDAATAEKVFKQYANDNGVDGEWTYDDATKTFTVTE,0.122
N8A,MQYKLILAGKTLKGETTTEAVDAATAEKVFKQYANDNGVDGEWTYDDATKTFTVTE,1.022
N8C,MQYKLILCGKTLKGETTTEAVDAATAEKVFKQYANDNGVDGEWTYDDATKTFTVTE,1.11
N8D,MQYKLILDGKTLKGETTTEAVDAATAEKVFKQYANDNGVDGEWTYDDATKTFTVTE,0.94
N8E,MQYKLILEGKTLKGETTTEAVDAATAEKVFKQYANDNGVDGEWTYDDATKTFTVTE,0.935
N8F,MQYKLILFGKTLKGETTTEAVDAATAEKVFKQYANDNGVDGEWTYDDATKTFTVTE,1.594
N8G,MQYKLILGGKTLKGETTTEAVDAATAEKVFKQYANDNGVDGEWTYDDATKTFTVTE,0.915
N8H,MQYKLILHGKTLKGETTTEAVDAATAEKVFKQYANDNGVDGEWTYDDATKTFTVTE,1.306
N8I,MQYKLILIGKTLKGETTTEAVDAATAEKVFKQYANDNGVDGEWTYDDATKTFTVTE,0.91
N8K,MQYKLILKGKTLKGETTTEAVDAATAEKVFKQYANDNGVDGEWTYDDATKTFTVTE,1.294
N8L,MQYKLILLGKTLKGETTTEAVDAATAEKVFKQYANDNGVDGEWTYDDATKTFTVTE,0.963
N8M,MQYKLILMGKTLKGETTTEAVDAATAEKVFKQYANDNGVDGEWTYDDATKTFTVTE,0.745
N8P,MQYKLILPGKTLKGETTTEAVDAATAEKVFKQYANDNGVDGEWTYDDATKTFTVTE,0.022
N8Q,MQYKLILQGKTLKGETTTEAVDAATAEKVFKQYANDNGVDGEWTYDDATKTFTVTE,1.097
N8R,MQYKLILRGKTLKGETTTEAVDAATAEKVFKQYANDNGVDGEWTYDDATKTFTVTE,1.42
N8S,MQYKLILSGKTLKGETTTEAVDAATAEKVFKQYANDNGVDGEWTYDDATKTFTVTE,0.938
N8T,MQYKLILTGKTLKGETTTEAVDAATAEKVFKQYANDNGVDGEWTYDDATKTFTVTE,0.66
N8V,MQYKLILVGKTLKGETTTEAVDAATAEKVFKQYANDNGVDGEWTYDDATKTFTVTE,0.899
N8W,MQYKLILWGKTLKGETTTEAVDAATAEKVFKQYANDNGVDGEWTYDDATKTFTVTE,1.268
N8Y,MQYKLILYGKTLKGETTTEAVDAATAEKVFKQYANDNGVDGEWTYDDATKTFTVTE,1.582
G9A,MQYKLILNAKTLKGETTTEAVDAATAEKVFKQYANDNGVDGEWTYDDATKTFTVTE,0.798
G9C,MQYKLILNCKTLKGETTTEAVDAATAEKVFKQYANDNGVDGEWTYDDATKTFTVTE,0.634
G9D,MQYKLILNDKTLKGETTTEAVDAATAEKVFKQYANDNGVDGEWTYDDATKTFTVTE,0.133
G9E,MQYKLILNEKTLKGETTTEAVDAATAEKVFKQYANDNGVDGEWTYDDATKTFTVTE,0.113
G9F,MQYKLILNFKTLKGETTTEAVDAATAEKVFKQYANDNGVDGEWTYDDATKTFTVTE,0.259
G9H,MQYKLILNHKTLKGETTTEAVDAATAEKVFKQYANDNGVDGEWTYDDATKTFTVTE,0.207
G9I,MQYKLILNIKTLKGETTTEAVDAATAEKVFKQYANDNGVDGEWTYDDATKTFTVTE,0.138
G9K,MQYKLILNKKTLKGETTTEAVDAATAEKVFKQYANDNGVDGEWTYDDATKTFTVTE,0.123
G9L,MQYKLILNLKTLKGETTTEAVDAATAEKVFKQYANDNGVDGEWTYDDATKTFTVTE,0.196
G9M,MQYKLILNMKTLKGETTTEAVDAATAEKVFKQYANDNGVDGEWTYDDATKTFTVTE,0.148
G9N,MQYKLILNNKTLKGETTTEAVDAATAEKVFKQYANDNGVDGEWTYDDATKTFTVTE,0.121
G9P,MQYKLILNPKTLKGETTTEAVDAATAEKVFKQYANDNGVDGEWTYDDATKTFTVTE,0.238
G9Q,MQYKLILNQKTLKGETTTEAVDAATAEKVFKQYANDNGVDGEWTYDDATKTFTVTE,0.128
G9R,MQYKLILNRKTLKGETTTEAVDAATAEKVFKQYANDNGVDGEWTYDDATKTFTVTE,0.245
G9S,MQYKLILNSKTLKGETTTEAVDAATAEKVFKQYANDNGVDGEWTYDDATKTFTVTE,0.411
G9T,MQYKLILNTKTLKGETTTEAVDAATAEKVFKQYANDNGVDGEWTYDDATKTFTVTE,0.306
G9V,MQYKLILNVKTLKGETTTEAVDAATAEKVFKQYANDNGVDGEWTYDDATKTFTVTE,0.156
G9W,MQYKLILNWKTLKGETTTEAVDAATAEKVFKQYANDNGVDGEWTYDDATKTFTVTE,0.27
G9Y,MQYKLILNYKTLKGETTTEAVDAATAEKVFKQYANDNGVDGEWTYDDATKTFTVTE,0.251
K10A,MQYKLILNGATLKGETTTEAVDAATAEKVFKQYANDNGVDGEWTYDDATKTFTVTE,0.946
K10C,MQYKLILNGCTLKGETTTEAVDAATAEKVFKQYANDNGVDGEWTYDDATKTFTVTE,0.984
K10D,MQYKLILNGDTLKGETTTEAVDAATAEKVFKQYANDNGVDGEWTYDDATKTFTVTE,0.955
K10E,MQYKLILNGETLKGETTTEAVDAATAEKVFKQYANDNGVDGEWTYDDATKTFTVTE,0.877
K10F,MQYKLILNGFTLKGETTTEAVDAATAEKVFKQYANDNGVDGEWTYDDATKTFTVTE,0.984
K10G,MQYKLILNGGTLKGETTTEAVDAATAEKVFKQYANDNGVDGEWTYDDATKTFTVTE,0.674
K10H,MQYKLILNGHTLKGETTTEAVDAATAEKVFKQYANDNGVDGEWTYDDATKTFTVTE,1.102
K10I,MQYKLILNGITLKGETTTEAVDAATAEKVFKQYANDNGVDGEWTYDDATKTFTVTE,1.055
K10L,MQYKLILNGLTLKGETTTEAVDAATAEKVFKQYANDNGVDGEWTYDDATKTFTVTE,1.061
K10M,MQYKLILNGMTLKGETTTEAVDAATAEKVFKQYANDNGVDGEWTYDDATKTFTVTE,0.713
K10N,MQYKLILNGNTLKGETTTEAVDAATAEKVFKQYANDNGVDGEWTYDDATKTFTVTE,1.147
K10P,MQYKLILNGPTLKGETTTEAVDAATAEKVFKQYANDNGVDGEWTYDDATKTFTVTE,0.399
K10Q,MQYKLILNGQTLKGETTTEAVDAATAEKVFKQYANDNGVDGEWTYDDATKTFTVTE,0.985
K10R,MQYKLILNGRTLKGETTTEAVDAATAEKVFKQYANDNGVDGEWTYDDATKTFTVTE,1.576
K10S,MQYKLILNGSTLKGETTTEAVDAATAEKVFKQYANDNGVDGEWTYDDATKTFTVTE,0.903
K10T,MQYKLILNGTTLKGETTTEAVDAATAEKVFKQYANDNGVDGEWTYDDATKTFTVTE,1.08
K10V,MQYKLILNGVTLKGETTTEAVDAATAEKVFKQYANDNGVDGEWTYDDATKTFTVTE,1.107
K10W,MQYKLILNGWTLKGETTTEAVDAATAEKVFKQYANDNGVDGEWTYDDATKTFTVTE,1.108
K10Y,MQYKLILNGYTLKGETTTEAVDAATAEKVFKQYANDNGVDGEWTYDDATKTFTVTE,1.033
T11A,MQYKLILNGKALKGETTTEAVDAATAEKVFKQYANDNGVDGEWTYDDATKTFTVTE,0.349
T11C,MQYKLILNGKCLKGETTTEAVDAATAEKVFKQYANDNGVDGEWTYDDATKTFTVTE,0.4
T11D,MQYKLILNGKDLKGETTTEAVDAATAEKVFKQYANDNGVDGEWTYDDATKTFTVTE,0.329
T11E,MQYKLILNGKELKGETTTEAVDAATAEKVFKQYANDNGVDGEWTYDDATKTFTVTE,0.308
T11F,MQYKLILNGKFLKGETTTEAVDAATAEKVFKQYANDNGVDGEWTYDDATKTFTVTE,0.387
T11G,MQYKLILNGKGLKGETTTEAVDAATAEKVFKQYANDNGVDGEWTYDDATKTFTVTE,0.279
T11H,MQYKLILNGKHLKGETTTEAVDAATAEKVFKQYANDNGVDGEWTYDDATKTFTVTE,0.379
T11I,MQYKLILNGKILKGETTTEAVDAATAEKVFKQYANDNGVDGEWTYDDATKTFTVTE,0.357
T11K,MQYKLILNGKKLKGETTTEAVDAATAEKVFKQYANDNGVDGEWTYDDATKTFTVTE,0.385
T11L,MQYKLILNGKLLKGETTTEAVDAATAEKVFKQYANDNGVDGEWTYDDATKTFTVTE,0.364
T11M,MQYKLILNGKMLKGETTTEAVDAATAEKVFKQYANDNGVDGEWTYDDATKTFTVTE,0.238
T11N,MQYKLILNGKNLKGETTTEAVDAATAEKVFKQYANDNGVDGEWTYDDATKTFTVTE,0.403
T11P,MQYKLILNGKPLKGETTTEAVDAATAEKVFKQYANDNGVDGEWTYDDATKTFTVTE,0.181
T11Q,MQYKLILNGKQLKGETTTEAVDAATAEKVFKQYANDNGVDGEWTYDDATKTFTVTE,0.37
T11R,MQYKLILNGKRLKGETTTEAVDAATAEKVFKQYANDNGVDGEWTYDDATKTFTVTE,0.412
T11S,MQYKLILNGKSLKGETTTEAVDAATAEKVFKQYANDNGVDGEWTYDDATKTFTVTE,0.74
T11V,MQYKLILNGKVLKGETTTEAVDAATAEKVFKQYANDNGVDGEWTYDDATKTFTVTE,0.391
T11W,MQYKLILNGKWLKGETTTEAVDAATAEKVFKQYANDNGVDGEWTYDDATKTFTVTE,0.402
T11Y,MQYKLILNGKYLKGETTTEAVDAATAEKVFKQYANDNGVDGEWTYDDATKTFTVTE,0.415
L12A,MQYKLILNGKTAKGETTTEAVDAATAEKVFKQYANDNGVDGEWTYDDATKTFTVTE,0.181
L12C,MQYKLILNGKTCKGETTTEAVDAATAEKVFKQYANDNGVDGEWTYDDATKTFTVTE,0.299
L12D,MQYKLILNGKTDKGETTTEAVDAATAEKVFKQYANDNGVDGEWTYDDATKTFTVTE,0.133
L12E,MQYKLILNGKTEKGETTTEAVDAATAEKVFKQYANDNGVDGEWTYDDATKTFTVTE,0.162
L12F,MQYKLILNGKTFKGETTTEAVDAATAEKVFKQYANDNGVDGEWTYDDATKTFTVTE,0.377
L12G,MQYKLILNGKTGKGETTTEAVDAATAEKVFKQYANDNGVDGEWTYDDATKTFTVTE,0.179
L12H,MQYKLILNGKTHKGETTTEAVDAATAEKVFKQYANDNGVDGEWTYDDATKTFTVTE,0.182
L12I,MQYKLILNGKTIKGETTTEAVDAATAEKVFKQYANDNGVDGEWTYDDATKTFTVTE,0.449
L12K,MQYKLILNGKTKKGETTTEAVDAATAEKVFKQYANDNGVDGEWTYDDATKTFTVTE,0.197
L12M,MQYKLILNGKTMKGETTTEAVDAATAEKVFKQYANDNGVDGEWTYDDATKTFTVTE,0.279
L12N,MQYKLILNGKTNKGETTTEAVDAATAEKVFKQYANDNGVDGEWTYDDATKTFTVTE,0.142
L12P,MQYKLILNGKTPKGETTTEAVDAATAEKVFKQYANDNGVDGEWTYDDATKTFTVTE,0.105
L12Q,MQYKLILNGKTQKGETTTEAVDAATAEKVFKQYANDNGVDGEWTYDDATKTFTVTE,0.212
L12R,MQYKLILNGKTRKGETTTEAVDAATAEKVFKQYANDNGVDGEWTYDDATKTFTVTE,0.196
L12S,MQYKLILNGKTSKGETTTEAVDAATAEKVFKQYANDNGVDGEWTYDDATKTFTVTE,0.18
L12T,MQYKLILNGKTTKGETTTEAVDAATAEKVFKQYANDNGVDGEWTYDDATKTFTVTE,0.228
L12V,MQYKLILNGKTVKGETTTEAVDAATAEKVFKQYANDNGVDGEWTYDDATKTFTVTE,0.332
L12W,MQYKLILNGKTWKGETTTEAVDAATAEKVFKQYANDNGVDGEWTYDDATKTFTVTE,0.16
L12Y,MQYKLILNGKTYKGETTTEAVDAATAEKVFKQYANDNGVDGEWTYDDATKTFTVTE,0.132
K13A,MQYKLILNGKTLAGETTTEAVDAATAEKVFKQYANDNGVDGEWTYDDATKTFTVTE,0.986
K13C,MQYKLILNGKTLCGETTTEAVDAATAEKVFKQYANDNGVDGEWTYDDATKTFTVTE,1.174
K13D,MQYKLILNGKTLDGETTTEAVDAATAEKVFKQYANDNGVDGEWTYDDATKTFTVTE,0.554
K13E,MQYKLILNGKTLEGETTTEAVDAATAEKVFKQYANDNGVDGEWTYDDATKTFTVTE,0.835
K13F,MQYKLILNGKTLFGETTTEAVDAATAEKVFKQYANDNGVDGEWTYDDATKTFTVTE,0.823
K13G,MQYKLILNGKTLGGETTTEAVDAATAEKVFKQYANDNGVDGEWTYDDATKTFTVTE,0.751
K13H,MQYKLILNGKTLHGETTTEAVDAATAEKVFKQYANDNGVDGEWTYDDATKTFTVTE,0.778
K13I,MQYKLILNGKTLIGETTTEAVDAATAEKVFKQYANDNGVDGEWTYDDATKTFTVTE,0.888
K13L,MQYKLILNGKTLLGETTTEAVDAATAEKVFKQYANDNGVDGEWTYDDATKTFTVTE,0.634
K13M,MQYKLILNGKTLMGETTTEAVDAATAEKVFKQYANDNGVDGEWTYDDATKTFTVTE,0.885
K13N,MQYKLILNGKTLNGETTTEAVDAATAEKVFKQYANDNGVDGEWTYDDATKTFTVTE,1.121
K13P,MQYKLILNGKTLPGETTTEAVDAATAEKVFKQYANDNGVDGEWTYDDATKTFTVTE,0.178
K13Q,MQYKLILNGKTLQGETTTEAVDAATAEKVFKQYANDNGVDGEWTYDDATKTFTVTE,0.934
K13R,MQYKLILNGKTLRGETTTEAVDAATAEKVFKQYANDNGVDGEWTYDDATKTFTVTE,1.411
K13S,MQYKLILNGKTLSGETTTEAVDAATAEKVFKQYANDNGVDGEWTYDDATKTFTVTE,1.593
K13T,MQYKLILNGKTLTGETTTEAVDAATAEKVFKQYANDNGVDGEWTYDDATKTFTVTE,1.684
K13V,MQYKLILNGKTLVGETTTEAVDAATAEKVFKQYANDNGVDGEWTYDDATKTFTVTE,1.085
K13W,MQYKLILNGKTLWGETTTEAVDAATAEKVFKQYANDNGVDGEWTYDDATKTFTVTE,1.866
K13Y,MQYKLILNGKTLYGETTTEAVDAATAEKVFKQYANDNGVDGEWTYDDATKTFTVTE,0.616
G14A,MQYKLILNGKTLKAETTTEAVDAATAEKVFKQYANDNGVDGEWTYDDATKTFTVTE,0.222
G14C,MQYKLILNGKTLKCETTTEAVDAATAEKVFKQYANDNGVDGEWTYDDATKTFTVTE,0.223
G14D,MQYKLILNGKTLKDETTTEAVDAATAEKVFKQYANDNGVDGEWTYDDATKTFTVTE,0.135
G14E,MQYKLILNGKTLKEETTTEAVDAATAEKVFKQYANDNGVDGEWTYDDATKTFTVTE,0.246
G14F,MQYKLILNGKTLKFETTTEAVDAATAEKVFKQYANDNGVDGEWTYDDATKTFTVTE,0.122
G14H,MQYKLILNGKTLKHETTTEAVDAATAEKVFKQYANDNGVDGEWTYDDATKTFTVTE,0.207
G14I,MQYKLILNGKTLKIETTTEAVDAATAEKVFKQYANDNGVDGEWTYDDATKTFTVTE,0.212
G14K,MQYKLILNGKTLKKETTTEAVDAATAEKVFKQYANDNGVDGEWTYDDATKTFTVTE,0.129
G14L,MQYKLILNGKTLKLETTTEAVDAATAEKVFKQYANDNGVDGEWTYDDATKTFTVTE,0.14
G14M,MQYKLILNGKTLKMETTTEAVDAATAEKVFKQYANDNGVDGEWTYDDATKTFTVTE,0.08
G14N,MQYKLILNGKTLKNETTTEAVDAATAEKVFKQYANDNGVDGEWTYDDATKTFTVTE,0.215
G14P,MQYKLILNGKTLKPETTTEAVDAATAEKVFKQYANDNGVDGEWTYDDATKTFTVTE,0.086
G14Q,MQYKLILNGKTLKQETTTEAVDAATAEKVFKQYANDNGVDGEWTYDDATKTFTVTE,0.201
G14R,MQYKLILNGKTLKRETTTEAVDAATAEKVFKQYANDNGVDGEWTYDDATKTFTVTE,0.166
G14S,MQYKLILNGKTLKSETTTEAVDAATAEKVFKQYANDNGVDGEWTYDDATKTFTVTE,0.207
G14T,MQYKLILNGKTLKTETTTEAVDAATAEKVFKQYANDNGVDGEWTYDDATKTFTVTE,0.241
G14V,MQYKLILNGKTLKVETTTEAVDAATAEKVFKQYANDNGVDGEWTYDDATKTFTVTE,0.239
G14W,MQYKLILNGKTLKWETTTEAVDAATAEKVFKQYANDNGVDGEWTYDDATKTFTVTE,0.273
G14Y,MQYKLILNGKTLKYETTTEAVDAATAEKVFKQYANDNGVDGEWTYDDATKTFTVTE,0.168
E15A,MQYKLILNGKTLKGATTTEAVDAATAEKVFKQYANDNGVDGEWTYDDATKTFTVTE,0.896
E15C,MQYKLILNGKTLKGCTTTEAVDAATAEKVFKQYANDNGVDGEWTYDDATKTFTVTE,1.236
E15D,MQYKLILNGKTLKGDTTTEAVDAATAEKVFKQYANDNGVDGEWTYDDATKTFTVTE,0.612
E15F,MQYKLILNGKTLKGFTTTEAVDAATAEKVFKQYANDNGVDGEWTYDDATKTFTVTE,1.236
E15G,MQYKLILNGKTLKGGTTTEAVDAATAEKVFKQYANDNGVDGEWTYDDATKTFTVTE,0.505
E15H,MQYKLILNGKTLKGHTTTEAVDAATAEKVFKQYANDNGVDGEWTYDDATKTFTVTE,1.688
E15I,MQYKLILNGKTLKGITTTEAVDAATAEKVFKQYANDNGVDGEWTYDDATKTFTVTE,1.397
E15K,MQYKLILNGKTLKGKTTTEAVDAATAEKVFKQYANDNGVDGEWTYDDATKTFTVTE,1.074
E15L,MQYKLILNGKTLKGLTTTEAVDAATAEKVFKQYANDNGVDGEWTYDDATKTFTVTE,0.968
E15M,MQYKLILNGKTLKGMTTTEAVDAATAEKVFKQYANDNGVDGEWTYDDATKTFTVTE,0.835
E15N,MQYKLILNGKTLKGNTTTEAVDAATAEKVFKQYANDNGVDGEWTYDDATKTFTVTE,0.818
E15P,MQYKLILNGKTLKGPTTTEAVDAATAEKVFKQYANDNGVDGEWTYDDATKTFTVTE,0.213
E15Q,MQYKLILNGKTLKGQTTTEAVDAATAEKVFKQYANDNGVDGEWTYDDATKTFTVTE,1.372
E15R,MQYKLILNGKTLKGRTTTEAVDAATAEKVFKQYANDNGVDGEWTYDDATKTFTVTE,1.43
E15S,MQYKLILNGKTLKGSTTTEAVDAATAEKVFKQYANDNGVDGEWTYDDATKTFTVTE,1.531
E15T,MQYKLILNGKTLKGTTTTEAVDAATAEKVFKQYANDNGVDGEWTYDDATKTFTVTE,1.47
E15V,MQYKLILNGKTLKGVTTTEAVDAATAEKVFKQYANDNGVDGEWTYDDATKTFTVTE,1.485
E15W,MQYKLILNGKTLKGWTTTEAVDAATAEKVFKQYANDNGVDGEWTYDDATKTFTVTE,1.451
E15Y,MQYKLILNGKTLKGYTTTEAVDAATAEKVFKQYANDNGVDGEWTYDDATKTFTVTE,1.663
T16A,MQYKLILNGKTLKGEATTEAVDAATAEKVFKQYANDNGVDGEWTYDDATKTFTVTE,0.441
T16C,MQYKLILNGKTLKGECTTEAVDAATAEKVFKQYANDNGVDGEWTYDDATKTFTVTE,0.54
T16D,MQYKLILNGKTLKGEDTTEAVDAATAEKVFKQYANDNGVDGEWTYDDATKTFTVTE,0.221
T16E,MQYKLILNGKTLKGEETTEAVDAATAEKVFKQYANDNGVDGEWTYDDATKTFTVTE,0.46
T16F,MQYKLILNGKTLKGEFTTEAVDAATAEKVFKQYANDNGVDGEWTYDDATKTFTVTE,0.391
T16G,MQYKLILNGKTLKGEGTTEAVDAATAEKVFKQYANDNGVDGEWTYDDATKTFTVTE,0.466
T16H,MQYKLILNGKTLKGEHTTEAVDAATAEKVFKQYANDNGVDGEWTYDDATKTFTVTE,0.543
T16I,MQYKLILNGKTLKGEITTEAVDAATAEKVFKQYANDNGVDGEWTYDDATKTFTVTE,0.837
T16K,MQYKLILNGKTLKGEKTTEAVDAATAEKVFKQYANDNGVDGEWTYDDATKTFTVTE,0.821
T16L,MQYKLILNGKTLKGELTTEAVDAATAEKVFKQYANDNGVDGEWTYDDATKTFTVTE,0.762
T16M,MQYKLILNGKTLKGEMTTEAVDAATAEKVFKQYANDNGVDGEWTYDDATKTFTVTE,0.54
T16N,MQYKLILNGKTLKGENTTEAVDAATAEKVFKQYANDNGVDGEWTYDDATKTFTVTE,0.452
T16P,MQYKLILNGKTLKGEPTTEAVDAATAEKVFKQYANDNGVDGEWTYDDATKTFTVTE,0.423
T16Q,MQYKLILNGKTLKGEQTTEAVDAATAEKVFKQYANDNGVDGEWTYDDATKTFTVTE,0.696
T16R,MQYKLILNGKTLKGERTTEAVDAATAEKVFKQYANDNGVDGEWTYDDATKTFTVTE,1.004
T16S,MQYKLILNGKTLKGESTTEAVDAATAEKVFKQYANDNGVDGEWTYDDATKTFTVTE,0.564
T16V,MQYKLILNGKTLKGEVTTEAVDAATAEKVFKQYANDNGVDGEWTYDDATKTFTVTE,0.738
T16W,MQYKLILNGKTLKGEWTTEAVDAATAEKVFKQYANDNGVDGEWTYDDATKTFTVTE,0.303
T16Y,MQYKLILNGKTLKGEYTTEAVDAATAEKVFKQYANDNGVDGEWTYDDATKTFTVTE,0.39
T17A,MQYKLILNGKTLKGETATEAVDAATAEKVFKQYANDNGVDGEWTYDDATKTFTVTE,1.229
T17C,MQYKLILNGKTLKGETCTEAVDAATAEKVFKQYANDNGVDGEWTYDDATKTFTVTE,1.116
T17D,MQYKLILNGKTLKGETDTEAVDAATAEKVFKQYANDNGVDGEWTYDDATKTFTVTE,0.437
T17E,MQYKLILNGKTLKGETETEAVDAATAEKVFKQYANDNGVDGEWTYDDATKTFTVTE,0.716
T17F,MQYKLILNGKTLKGETFTEAVDAATAEKVFKQYANDNGVDGEWTYDDATKTFTVTE,1.105
T17G,MQYKLILNGKTLKGETGTEAVDAATAEKVFKQYANDNGVDGEWTYDDATKTFTVTE,1.877
T17H,MQYKLILNGKTLKGETHTEAVDAATAEKVFKQYANDNGVDGEWTYDDATKTFTVTE,1.342
T17I,MQYKLILNGKTLKGETITEAVDAATAEKVFKQYANDNGVDGEWTYDDATKTFTVTE,0.723
T17K,MQYKLILNGKTLKGETKTEAVDAATAEKVFKQYANDNGVDGEWTYDDATKTFTVTE,1.029
T17L,MQYKLILNGKTLKGETLTEAVDAATAEKVFKQYANDNGVDGEWTYDDATKTFTVTE,0.845
T17M,MQYKLILNGKTLKGETMTEAVDAATAEKVFKQYANDNGVDGEWTYDDATKTFTVTE,0.938
T17N,MQYKLILNGKTLKGETNTEAVDAATAEKVFKQYANDNGVDGEWTYDDATKTFTVTE,0.776
T17P,MQYKLILNGKTLKGETPTEAVDAATAEKVFKQYANDNGVDGEWTYDDATKTFTVTE,0.351
T17Q,MQYKLILNGKTLKGETQTEAVDAATAEKVFKQYANDNGVDGEWTYDDATKTFTVTE,1.094
T17R,MQYKLILNGKTLKGETRTEAVDAATAEKVFKQYANDNGVDGEWTYDDATKTFTVTE,1.438
T17S,MQYKLILNGKTLKGETSTEAVDAATAEKVFKQYANDNGVDGEWTYDDATKTFTVTE,1.156
T17V,MQYKLILNGKTLKGETVTEAVDAATAEKVFKQYANDNGVDGEWTYDDATKTFTVTE,0.775
T17W,MQYKLILNGKTLKGETWTEAVDAATAEKVFKQYANDNGVDGEWTYDDATKTFTVTE,1.454
T17Y,MQYKLILNGKTLKGETYTEAVDAATAEKVFKQYANDNGVDGEWTYDDATKTFTVTE,1.113
T18A,MQYKLILNGKTLKGETTAEAVDAATAEKVFKQYANDNGVDGEWTYDDATKTFTVTE,1.108
T18C,MQYKLILNGKTLKGETTCEAVDAATAEKVFKQYANDNGVDGEWTYDDATKTFTVTE,1.183
T18D,MQYKLILNGKTLKGETTDEAVDAATAEKVFKQYANDNGVDGEWTYDDATKTFTVTE,0.277
T18E,MQYKLILNGKTLKGETTEEAVDAATAEKVFKQYANDNGVDGEWTYDDATKTFTVTE,0.262
T18F,MQYKLILNGKTLKGETTFEAVDAATAEKVFKQYANDNGVDGEWTYDDATKTFTVTE,0.92
T18G,MQYKLILNGKTLKGETTGEAVDAATAEKVFKQYANDNGVDGEWTYDDATKTFTVTE,0.647
T18H,MQYKLILNGKTLKGETTHEAVDAATAEKVFKQYANDNGVDGEWTYDDATKTFTVTE,1.02
T18I,MQYKLILNGKTLKGETTIEAVDAATAEKVFKQYANDNGVDGEWTYDDATKTFTVTE,0.859
T18K,MQYKLILNGKTLKGETTKEAVDAATAEKVFKQYANDNGVDGEWTYDDATKTFTVTE,1.139
T18L,MQYKLILNGKTLKGETTLEAVDAATAEKVFKQYANDNGVDGEWTYDDATKTFTVTE,0.588
T18M,MQYKLILNGKTLKGETTMEAVDAATAEKVFKQYANDNGVDGEWTYDDATKTFTVTE,0.358
T18N,MQYKLILNGKTLKGETTNEAVDAATAEKVFKQYANDNGVDGEWTYDDATKTFTVTE,0.81
T18P,MQYKLILNGKTLKGETTPEAVDAATAEKVFKQYANDNGVDGEWTYDDATKTFTVTE,0.04
T18Q,MQYKLILNGKTLKGETTQEAVDAATAEKVFKQYANDNGVDGEWTYDDATKTFTVTE,0.677
T18R,MQYKLILNGKTLKGETTREAVDAATAEKVFKQYANDNGVDGEWTYDDATKTFTVTE,1.202
T18S,MQYKLILNGKTLKGETTSEAVDAATAEKVFKQYANDNGVDGEWTYDDATKTFTVTE,0.948
T18V,MQYKLILNGKTLKGETTVEAVDAATAEKVFKQYANDNGVDGEWTYDDATKTFTVTE,1.151
T18W,MQYKLILNGKTLKGETTWEAVDAATAEKVFKQYANDNGVDGEWTYDDATKTFTVTE,0.983
T18Y,MQYKLILNGKTLKGETTYEAVDAATAEKVFKQYANDNGVDGEWTYDDATKTFTVTE,0.965
E19A,MQYKLILNGKTLKGETTTAAVDAATAEKVFKQYANDNGVDGEWTYDDATKTFTVTE,1.461
E19C,MQYKLILNGKTLKGETTTCAVDAATAEKVFKQYANDNGVDGEWTYDDATKTFTVTE,1.339
E19D,MQYKLILNGKTLKGETTTDAVDAATAEKVFKQYANDNGVDGEWTYDDATKTFTVTE,1.189
E19F,MQYKLILNGKTLKGETTTFAVDAATAEKVFKQYANDNGVDGEWTYDDATKTFTVTE,1.562
E19G,MQYKLILNGKTLKGETTTGAVDAATAEKVFKQYANDNGVDGEWTYDDATKTFTVTE,1.41
E19H,MQYKLILNGKTLKGETTTHAVDAATAEKVFKQYANDNGVDGEWTYDDATKTFTVTE,1.489
E19I,MQYKLILNGKTLKGETTTIAVDAATAEKVFKQYANDNGVDGEWTYDDATKTFTVTE,1.585
E19K,MQYKLILNGKTLKGETTTKAVDAATAEKVFKQYANDNGVDGEWTYDDATKTFTVTE,1.558
E19L,MQYKLILNGKTLKGETTTLAVDAATAEKVFKQYANDNGVDGEWTYDDATKTFTVTE,1.545
E19M,MQYKLILNGKTLKGETTTMAVDAATAEKVFKQYANDNGVDGEWTYDDATKTFTVTE,1.174
E19N,MQYKLILNGKTLKGETTTNAVDAATAEKVFKQYANDNGVDGEWTYDDATKTFTVTE,1.507
E19P,MQYKLILNGKTLKGETTTPAVDAATAEKVFKQYANDNGVDGEWTYDDATKTFTVTE,1.523
E19Q,MQYKLILNGKTLKGETTTQAVDAATAEKVFKQYANDNGVDGEWTYDDATKTFTVTE,1.484
E19R,MQYKLILNGKTLKGETTTRAVDAATAEKVFKQYANDNGVDGEWTYDDATKTFTVTE,1.617
E19S,MQYKLILNGKTLKGETTTSAVDAATAEKVFKQYANDNGVDGEWTYDDATKTFTVTE,1.402
E19T,MQYKLILNGKTLKGETTTTAVDAATAEKVFKQYANDNGVDGEWTYDDATKTFTVTE,1.4
E19V,MQYKLILNGKTLKGETTTVAVDAATAEKVFKQYANDNGVDGEWTYDDATKTFTVTE,1.577
E19W,MQYKLILNGKTLKGETTTWAVDAATAEKVFKQYANDNGVDGEWTYDDATKTFTVTE,1.561
E19Y,MQYKLILNGKTLKGETTTYAVDAATAEKVFKQYANDNGVDGEWTYDDATKTFTVTE,1.528
A20C,MQYKLILNGKTLKGETTTECVDAATAEKVFKQYANDNGVDGEWTYDDATKTFTVTE,0.891
A20D,MQYKLILNGKTLKGETTTEDVDAATAEKVFKQYANDNGVDGEWTYDDATKTFTVTE,0.28
A20E,MQYKLILNGKTLKGETTTEEVDAATAEKVFKQYANDNGVDGEWTYDDATKTFTVTE,0.401
A20F,MQYKLILNGKTLKGETTTEFVDAATAEKVFKQYANDNGVDGEWTYDDATKTFTVTE,0.243
A20G,MQYKLILNGKTLKGETTTEGVDAATAEKVFKQYANDNGVDGEWTYDDATKTFTVTE,0.921
A20H,MQYKLILNGKTLKGETTTEHVDAATAEKVFKQYANDNGVDGEWTYDDATKTFTVTE,0.595
A20I,MQYKLILNGKTLKGETTTEIVDAATAEKVFKQYANDNGVDGEWTYDDATKTFTVTE,0.332
A20K,MQYKLILNGKTLKGETTTEKVDAATAEKVFKQYANDNGVDGEWTYDDATKTFTVTE,1.64
A20L,MQYKLILNGKTLKGETTTELVDAATAEKVFKQYANDNGVDGEWTYDDATKTFTVTE,0.4
A20M,MQYKLILNGKTLKGETTTEMVDAATAEKVFKQYANDNGVDGEWTYDDATKTFTVTE,0.537
A20N,MQYKLILNGKTLKGETTTENVDAATAEKVFKQYANDNGVDGEWTYDDATKTFTVTE,0.788
A20P,MQYKLILNGKTLKGETTTEPVDAATAEKVFKQYANDNGVDGEWTYDDATKTFTVTE,0.306
A20Q,MQYKLILNGKTLKGETTTEQVDAATAEKVFKQYANDNGVDGEWTYDDATKTFTVTE,0.888
A20R,MQYKLILNGKTLKGETTTERVDAATAEKVFKQYANDNGVDGEWTYDDATKTFTVTE,2.372
A20S,MQYKLILNGKTLKGETTTESVDAATAEKVFKQYANDNGVDGEWTYDDATKTFTVTE,1.123
A20T,MQYKLILNGKTLKGETTTETVDAATAEKVFKQYANDNGVDGEWTYDDATKTFTVTE,1.09
A20V,MQYKLILNGKTLKGETTTEVVDAATAEKVFKQYANDNGVDGEWTYDDATKTFTVTE,1.062
A20W,MQYKLILNGKTLKGETTTEWVDAATAEKVFKQYANDNGVDGEWTYDDATKTFTVTE,0.395
A20Y,MQYKLILNGKTLKGETTTEYVDAATAEKVFKQYANDNGVDGEWTYDDATKTFTVTE,0.312
V21A,MQYKLILNGKTLKGETTTEAADAATAEKVFKQYANDNGVDGEWTYDDATKTFTVTE,0.989
V21C,MQYKLILNGKTLKGETTTEACDAATAEKVFKQYANDNGVDGEWTYDDATKTFTVTE,1.102
V21D,MQYKLILNGKTLKGETTTEADDAATAEKVFKQYANDNGVDGEWTYDDATKTFTVTE,0.747
V21E,MQYKLILNGKTLKGETTTEAEDAATAEKVFKQYANDNGVDGEWTYDDATKTFTVTE,0.659
V21F,MQYKLILNGKTLKGETTTEAFDAATAEKVFKQYANDNGVDGEWTYDDATKTFTVTE,1.358
V21G,MQYKLILNGKTLKGETTTEAGDAATAEKVFKQYANDNGVDGEWTYDDATKTFTVTE,1.12
V21H,MQYKLILNGKTLKGETTTEAHDAATAEKVFKQYANDNGVDGEWTYDDATKTFTVTE,1.077
V21I,MQYKLILNGKTLKGETTTEAIDAATAEKVFKQYANDNGVDGEWTYDDATKTFTVTE,1.152
V21K,MQYKLILNGKTLKGETTTEAKDAATAEKVFKQYANDNGVDGEWTYDDATKTFTVTE,0.993
V21L,MQYKLILNGKTLKGETTTEALDAATAEKVFKQYANDNGVDGEWTYDDATKTFTVTE,1.025
V21M,MQYKLILNGKTLKGETTTEAMDAATAEKVFKQYANDNGVDGEWTYDDATKTFTVTE,0.764
V21N,MQYKLILNGKTLKGETTTEANDAATAEKVFKQYANDNGVDGEWTYDDATKTFTVTE,1.11
V21P,MQYKLILNGKTLKGETTTEAPDAATAEKVFKQYANDNGVDGEWTYDDATKTFTVTE,0.917
V21Q,MQYKLILNGKTLKGETTTEAQDAATAEKVFKQYANDNGVDGEWTYDDATKTFTVTE,0.975
V21R,MQYKLILNGKTLKGETTTEARDAATAEKVFKQYANDNGVDGEWTYDDATKTFTVTE,1.549
V21S,MQYKLILNGKTLKGETTTEASDAATAEKVFKQYANDNGVDGEWTYDDATKTFTVTE,0.998
V21T,MQYKLILNGKTLKGETTTEATDAATAEKVFKQYANDNGVDGEWTYDDATKTFTVTE,0.952
V21W,MQYKLILNGKTLKGETTTEAWDAATAEKVFKQYANDNGVDGEWTYDDATKTFTVTE,1.449
V21Y,MQYKLILNGKTLKGETTTEAYDAATAEKVFKQYANDNGVDGEWTYDDATKTFTVTE,1.362
D22A,MQYKLILNGKTLKGETTTEAVAAATAEKVFKQYANDNGVDGEWTYDDATKTFTVTE,1.657
D22C,MQYKLILNGKTLKGETTTEAVCAATAEKVFKQYANDNGVDGEWTYDDATKTFTVTE,1.442
D22E,MQYKLILNGKTLKGETTTEAVEAATAEKVFKQYANDNGVDGEWTYDDATKTFTVTE,1.562
D22F,MQYKLILNGKTLKGETTTEAVFAATAEKVFKQYANDNGVDGEWTYDDATKTFTVTE,1.42
D22G,MQYKLILNGKTLKGETTTEAVGAATAEKVFKQYANDNGVDGEWTYDDATKTFTVTE,1.484
D22H,MQYKLILNGKTLKGETTTEAVHAATAEKVFKQYANDNGVDGEWTYDDATKTFTVTE,1.421
D22I,MQYKLILNGKTLKGETTTEAVIAATAEKVFKQYANDNGVDGEWTYDDATKTFTVTE,1.439
D22K,MQYKLILNGKTLKGETTTEAVKAATAEKVFKQYANDNGVDGEWTYDDATKTFTVTE,1.061
D22L,MQYKLILNGKTLKGETTTEAVLAATAEKVFKQYANDNGVDGEWTYDDATKTFTVTE,1.486
D22M,MQYKLILNGKTLKGETTTEAVMAATAEKVFKQYANDNGVDGEWTYDDATKTFTVTE,1.164
D22N,MQYKLILNGKTLKGETTTEAVNAATAEKVFKQYANDNGVDGEWTYDDATKTFTVTE,1.25
D22P,MQYKLILNGKTLKGETTTEAVPAATAEKVFKQYANDNGVDGEWTYDDATKTFTVTE,1.016
D22Q,MQYKLILNGKTLKGETTTEAVQAATAEKVFKQYANDNGVDGEWTYDDATKTFTVTE,1.575
D22R,MQYKLILNGKTLKGETTTEAVRAATAEKVFKQYANDNGVDGEWTYDDATKTFTVTE,1.244
D22S,MQYKLILNGKTLKGETTTEAVSAATAEKVFKQYANDNGVDGEWTYDDATKTFTVTE,1.252
D22T,MQYKLILNGKTLKGETTTEAVTAATAEKVFKQYANDNGVDGEWTYDDATKTFTVTE,1.394
D22V,MQYKLILNGKTLKGETTTEAVVAATAEKVFKQYANDNGVDGEWTYDDATKTFTVTE,1.545
D22W,MQYKLILNGKTLKGETTTEAVWAATAEKVFKQYANDNGVDGEWTYDDATKTFTVTE,1.64
D22Y,MQYKLILNGKTLKGETTTEAVYAATAEKVFKQYANDNGVDGEWTYDDATKTFTVTE,1.419
A23C,MQYKLILNGKTLKGETTTEAVDCATAEKVFKQYANDNGVDGEWTYDDATKTFTVTE,0.345
A23D,MQYKLILNGKTLKGETTTEAVDDATAEKVFKQYANDNGVDGEWTYDDATKTFTVTE,0.406
A23E,MQYKLILNGKTLKGETTTEAVDEATAEKVFKQYANDNGVDGEWTYDDATKTFTVTE,0.266
A23F,MQYKLILNGKTLKGETTTEAVDFATAEKVFKQYANDNGVDGEWTYDDATKTFTVTE,0.008
A23G,MQYKLILNGKTLKGETTTEAVDGATAEKVFKQYANDNGVDGEWTYDDATKTFTVTE,0.514
A23H,MQYKLILNGKTLKGETTTEAVDHATAEKVFKQYANDNGVDGEWTYDDATKTFTVTE,0.071
A23I,MQYKLILNGKTLKGETTTEAVDIATAEKVFKQYANDNGVDGEWTYDDATKTFTVTE,0.085
A23K,MQYKLILNGKTLKGETTTEAVDKATAEKVFKQYANDNGVDGEWTYDDATKTFTVTE,0.064
A23L,MQYKLILNGKTLKGETTTEAVDLATAEKVFKQYANDNGVDGEWTYDDATKTFTVTE,0.083
A23M,MQYKLILNGKTLKGETTTEAVDMATAEKVFKQYANDNGVDGEWTYDDATKTFTVTE,0.036
A23N,MQYKLILNGKTLKGETTTEAVDNATAEKVFKQYANDNGVDGEWTYDDATKTFTVTE,0.557
A23P,MQYKLILNGKTLKGETTTEAVDPATAEKVFKQYANDNGVDGEWTYDDATKTFTVTE,1.075
A23Q,MQYKLILNGKTLKGETTTEAVDQATAEKVFKQYANDNGVDGEWTYDDATKTFTVTE,0.082
A23R,MQYKLILNGKTLKGETTTEAVDRATAEKVFKQYANDNGVDGEWTYDDATKTFTVTE,0.06
A23S,MQYKLILNGKTLKGETTTEAVDSATAEKVFKQYANDNGVDGEWTYDDATKTFTVTE,0.855
A23T,MQYKLILNGKTLKGETTTEAVDTATAEKVFKQYANDNGVDGEWTYDDATKTFTVTE,0.344
A23V,MQYKLILNGKTLKGETTTEAVDVATAEKVFKQYANDNGVDGEWTYDDATKTFTVTE,0.254
A23W,MQYKLILNGKTLKGETTTEAVDWATAEKVFKQYANDNGVDGEWTYDDATKTFTVTE,0.006
A23Y,MQYKLILNGKTLKGETTTEAVDYATAEKVFKQYANDNGVDGEWTYDDATKTFTVTE,0.007
A24C,MQYKLILNGKTLKGETTTEAVDACTAEKVFKQYANDNGVDGEWTYDDATKTFTVTE,1.949
A24D,MQYKLILNGKTLKGETTTEAVDADTAEKVFKQYANDNGVDGEWTYDDATKTFTVTE,1.072
A24E,MQYKLILNGKTLKGETTTEAVDAETAEKVFKQYANDNGVDGEWTYDDATKTFTVTE,3.525
A24F,MQYKLILNGKTLKGETTTEAVDAFTAEKVFKQYANDNGVDGEWTYDDATKTFTVTE,3.652
A24G,MQYKLILNGKTLKGETTTEAVDAGTAEKVFKQYANDNGVDGEWTYDDATKTFTVTE,2.462
A24H,MQYKLILNGKTLKGETTTEAVDAHTAEKVFKQYANDNGVDGEWTYDDATKTFTVTE,3.72
A24I,MQYKLILNGKTLKGETTTEAVDAITAEKVFKQYANDNGVDGEWTYDDATKTFTVTE,1.462
A24K,MQYKLILNGKTLKGETTTEAVDAKTAEKVFKQYANDNGVDGEWTYDDATKTFTVTE,0.157
A24L,MQYKLILNGKTLKGETTTEAVDALTAEKVFKQYANDNGVDGEWTYDDATKTFTVTE,1.304
A24M,MQYKLILNGKTLKGETTTEAVDAMTAEKVFKQYANDNGVDGEWTYDDATKTFTVTE,2.149
A24N,MQYKLILNGKTLKGETTTEAVDANTAEKVFKQYANDNGVDGEWTYDDATKTFTVTE,2.443
A24P,MQYKLILNGKTLKGETTTEAVDAPTAEKVFKQYANDNGVDGEWTYDDATKTFTVTE,3.468
A24Q,MQYKLILNGKTLKGETTTEAVDAQTAEKVFKQYANDNGVDGEWTYDDATKTFTVTE,2.8
A24R,MQYKLILNGKTLKGETTTEAVDARTAEKVFKQYANDNGVDGEWTYDDATKTFTVTE,0.474
A24S,MQYKLILNGKTLKGETTTEAVDASTAEKVFKQYANDNGVDGEWTYDDATKTFTVTE,2.086
A24T,MQYKLILNGKTLKGETTTEAVDATTAEKVFKQYANDNGVDGEWTYDDATKTFTVTE,2.433
A24V,MQYKLILNGKTLKGETTTEAVDAVTAEKVFKQYANDNGVDGEWTYDDATKTFTVTE,1.633
A24W,MQYKLILNGKTLKGETTTEAVDAWTAEKVFKQYANDNGVDGEWTYDDATKTFTVTE,4.288
A24Y,MQYKLILNGKTLKGETTTEAVDAYTAEKVFKQYANDNGVDGEWTYDDATKTFTVTE,5.022
T25A,MQYKLILNGKTLKGETTTEAVDAAAAEKVFKQYANDNGVDGEWTYDDATKTFTVTE,1.158
T25C,MQYKLILNGKTLKGETTTEAVDAACAEKVFKQYANDNGVDGEWTYDDATKTFTVTE,1.405
T25D,MQYKLILNGKTLKGETTTEAVDAADAEKVFKQYANDNGVDGEWTYDDATKTFTVTE,0.378
T25E,MQYKLILNGKTLKGETTTEAVDAAEAEKVFKQYANDNGVDGEWTYDDATKTFTVTE,0.352
T25F,MQYKLILNGKTLKGETTTEAVDAAFAEKVFKQYANDNGVDGEWTYDDATKTFTVTE,1.792
T25G,MQYKLILNGKTLKGETTTEAVDAAGAEKVFKQYANDNGVDGEWTYDDATKTFTVTE,0.931
T25H,MQYKLILNGKTLKGETTTEAVDAAHAEKVFKQYANDNGVDGEWTYDDATKTFTVTE,1.417
T25I,MQYKLILNGKTLKGETTTEAVDAAIAEKVFKQYANDNGVDGEWTYDDATKTFTVTE,1.511
T25K,MQYKLILNGKTLKGETTTEAVDAAKAEKVFKQYANDNGVDGEWTYDDATKTFTVTE,1.232
T25L,MQYKLILNGKTLKGETTTEAVDAALAEKVFKQYANDNGVDGEWTYDDATKTFTVTE,1.124
T25M,MQYKLILNGKTLKGETTTEAVDAAMAEKVFKQYANDNGVDGEWTYDDATKTFTVTE,2.051
T25N,MQYKLILNGKTLKGETTTEAVDAANAEKVFKQYANDNGVDGEWTYDDATKTFTVTE,0.95
T25P,MQYKLILNGKTLKGETTTEAVDAAPAEKVFKQYANDNGVDGEWTYDDATKTFTVTE,1.196
T25Q,MQYKLILNGKTLKGETTTEAVDAAQAEKVFKQYANDNGVDGEWTYDDATKTFTVTE,1.649
T25R,MQYKLILNGKTLKGETTTEAVDAARAEKVFKQYANDNGVDGEWTYDDATKTFTVTE,2.363
T25S,MQYKLILNGKTLKGETTTEAVDAASAEKVFKQYANDNGVDGEWTYDDATKTFTVTE,1.476
T25V,MQYKLILNGKTLKGETTTEAVDAAVAEKVFKQYANDNGVDGEWTYDDATKTFTVTE,0.95
T25W,MQYKLILNGKTLKGETTTEAVDAAWAEKVFKQYANDNGVDGEWTYDDATKTFTVTE,2.171
T25Y,MQYKLILNGKTLKGETTTEAVDAAYAEKVFKQYANDNGVDGEWTYDDATKTFTVTE,1.16
A26C,MQYKLILNGKTLKGETTTEAVDAATCEKVFKQYANDNGVDGEWTYDDATKTFTVTE,0.736
A26D,MQYKLILNGKTLKGETTTEAVDAATDEKVFKQYANDNGVDGEWTYDDATKTFTVTE,0.006
A26E,MQYKLILNGKTLKGETTTEAVDAATEEKVFKQYANDNGVDGEWTYDDATKTFTVTE,0.007
A26F,MQYKLILNGKTLKGETTTEAVDAATFEKVFKQYANDNGVDGEWTYDDATKTFTVTE,0.007
A26G,MQYKLILNGKTLKGETTTEAVDAATGEKVFKQYANDNGVDGEWTYDDATKTFTVTE,1.153
A26H,MQYKLILNGKTLKGETTTEAVDAATHEKVFKQYANDNGVDGEWTYDDATKTFTVTE,0.007
A26I,MQYKLILNGKTLKGETTTEAVDAATIEKVFKQYANDNGVDGEWTYDDATKTFTVTE,0.149
A26K,MQYKLILNGKTLKGETTTEAVDAATKEKVFKQYANDNGVDGEWTYDDATKTFTVTE,0.005
A26L,MQYKLILNGKTLKGETTTEAVDAATLEKVFKQYANDNGVDGEWTYDDATKTFTVTE,0.01
A26M,MQYKLILNGKTLKGETTTEAVDAATMEKVFKQYANDNGVDGEWTYDDATKTFTVTE,0.122
A26N,MQYKLILNGKTLKGETTTEAVDAATNEKVFKQYANDNGVDGEWTYDDATKTFTVTE,0.014
A26P,MQYKLILNGKTLKGETTTEAVDAATPEKVFKQYANDNGVDGEWTYDDATKTFTVTE,0.233
A26Q,MQYKLILNGKTLKGETTTEAVDAATQEKVFKQYANDNGVDGEWTYDDATKTFTVTE,0.063
A26R,MQYKLILNGKTLKGETTTEAVDAATREKVFKQYANDNGVDGEWTYDDATKTFTVTE,0.009
A26S,MQYKLILNGKTLKGETTTEAVDAATSEKVFKQYANDNGVDGEWTYDDATKTFTVTE,1.04
A26T,MQYKLILNGKTLKGETTTEAVDAATTEKVFKQYANDNGVDGEWTYDDATKTFTVTE,0.441
A26V,MQYKLILNGKTLKGETTTEAVDAATVEKVFKQYANDNGVDGEWTYDDATKTFTVTE,0.324
A26W,MQYKLILNGKTLKGETTTEAVDAATWEKVFKQYANDNGVDGEWTYDDATKTFTVTE,0.025
A26Y,MQYKLILNGKTLKGETTTEAVDAATYEKVFKQYANDNGVDGEWTYDDATKTFTVTE,0.008
E27A,MQYKLILNGKTLKGETTTEAVDAATAAKVFKQYANDNGVDGEWTYDDATKTFTVTE,0.002
E27C,MQYKLILNGKTLKGETTTEAVDAATACKVFKQYANDNGVDGEWTYDDATKTFTVTE,0.005
E27D,MQYKLILNGKTLKGETTTEAVDAATADKVFKQYANDNGVDGEWTYDDATKTFTVTE,0.003
E27F,MQYKLILNGKTLKGETTTEAVDAATAFKVFKQYANDNGVDGEWTYDDATKTFTVTE,0.002
E27G,MQYKLILNGKTLKGETTTEAVDAATAGKVFKQYANDNGVDGEWTYDDATKTFTVTE,0.003
E27H,MQYKLILNGKTLKGETTTEAVDAATAHKVFKQYANDNGVDGEWTYDDATKTFTVTE,0.003
E27I,MQYKLILNGKTLKGETTTEAVDAATAIKVFKQYANDNGVDGEWTYDDATKTFTVTE,0.003
E27K,MQYKLILNGKTLKGETTTEAVDAATAKKVFKQYANDNGVDGEWTYDDATKTFTVTE,0.002
E27L,MQYKLILNGKTLKGETTTEAVDAATALKVFKQYANDNGVDGEWTYDDATKTFTVTE,0.002
E27M,MQYKLILNGKTLKGETTTEAVDAATAMKVFKQYANDNGVDGEWTYDDATKTFTVTE,0.002
E27N,MQYKLILNGKTLKGETTTEAVDAATANKVFKQYANDNGVDGEWTYDDATKTFTVTE,0.003
E27P,MQYKLILNGKTLKGETTTEAVDAATAPKVFKQYANDNGVDGEWTYDDATKTFTVTE,0.004
E27Q,MQYKLILNGKTLKGETTTEAVDAATAQKVFKQYANDNGVDGEWTYDDATKTFTVTE,0.002
E27R,MQYKLILNGKTLKGETTTEAVDAATARKVFKQYANDNGVDGEWTYDDATKTFTVTE,0.002
E27S,MQYKLILNGKTLKGETTTEAVDAATASKVFKQYANDNGVDGEWTYDDATKTFTVTE,0.002
E27T,MQYKLILNGKTLKGETTTEAVDAATATKVFKQYANDNGVDGEWTYDDATKTFTVTE,0.003
E27V,MQYKLILNGKTLKGETTTEAVDAATAVKVFKQYANDNGVDGEWTYDDATKTFTVTE,0.003
E27W,MQYKLILNGKTLKGETTTEAVDAATAWKVFKQYANDNGVDGEWTYDDATKTFTVTE,0.002
E27Y,MQYKLILNGKTLKGETTTEAVDAATAYKVFKQYANDNGVDGEWTYDDATKTFTVTE,0.003
K28A,MQYKLILNGKTLKGETTTEAVDAATAEAVFKQYANDNGVDGEWTYDDATKTFTVTE,0.05
K28C,MQYKLILNGKTLKGETTTEAVDAATAECVFKQYANDNGVDGEWTYDDATKTFTVTE,0.136
K28D,MQYKLILNGKTLKGETTTEAVDAATAEDVFKQYANDNGVDGEWTYDDATKTFTVTE,0.005
K28E,MQYKLILNGKTLKGETTTEAVDAATAEEVFKQYANDNGVDGEWTYDDATKTFTVTE,0.005
K28F,MQYKLILNGKTLKGETTTEAVDAATAEFVFKQYANDNGVDGEWTYDDATKTFTVTE,0.139
K28G,MQYKLILNGKTLKGETTTEAVDAATAEGVFKQYANDNGVDGEWTYDDATKTFTVTE,0.048
K28H,MQYKLILNGKTLKGETTTEAVDAATAEHVFKQYANDNGVDGEWTYDDATKTFTVTE,0.1
K28I,MQYKLILNGKTLKGETTTEAVDAATAEIVFKQYANDNGVDGEWTYDDATKTFTVTE,0.282
K28L,MQYKLILNGKTLKGETTTEAVDAATAELVFKQYANDNGVDGEWTYDDATKTFTVTE,0.195
K28M,MQYKLILNGKTLKGETTTEAVDAATAEMVFKQYANDNGVDGEWTYDDATKTFTVTE,0.129
K28N,MQYKLILNGKTLKGETTTEAVDAATAENVFKQYANDNGVDGEWTYDDATKTFTVTE,0.043
K28P,MQYKLILNGKTLKGETTTEAVDAATAEPVFKQYANDNGVDGEWTYDDATKTFTVTE,0.073
K28Q,MQYKLILNGKTLKGETTTEAVDAATAEQVFKQYANDNGVDGEWTYDDATKTFTVTE,0.053
K28R,MQYKLILNGKTLKGETTTEAVDAATAERVFKQYANDNGVDGEWTYDDATKTFTVTE,0.427
K28S,MQYKLILNGKTLKGETTTEAVDAATAESVFKQYANDNGVDGEWTYDDATKTFTVTE,0.04
K28T,MQYKLILNGKTLKGETTTEAVDAATAETVFKQYANDNGVDGEWTYDDATKTFTVTE,0.093
K28V,MQYKLILNGKTLKGETTTEAVDAATAEVVFKQYANDNGVDGEWTYDDATKTFTVTE,0.171
K28W,MQYKLILNGKTLKGETTTEAVDAATAEWVFKQYANDNGVDGEWTYDDATKTFTVTE,0.04
K28Y,MQYKLILNGKTLKGETTTEAVDAATAEYVFKQYANDNGVDGEWTYDDATKTFTVTE,0.044
V29A,MQYKLILNGKTLKGETTTEAVDAATAEKAFKQYANDNGVDGEWTYDDATKTFTVTE,1.341
V29C,MQYKLILNGKTLKGETTTEAVDAATAEKCFKQYANDNGVDGEWTYDDATKTFTVTE,1.318
V29D,MQYKLILNGKTLKGETTTEAVDAATAEKDFKQYANDNGVDGEWTYDDATKTFTVTE,0.256
V29E,MQYKLILNGKTLKGETTTEAVDAATAEKEFKQYANDNGVDGEWTYDDATKTFTVTE,0.286
V29F,MQYKLILNGKTLKGETTTEAVDAATAEKFFKQYANDNGVDGEWTYDDATKTFTVTE,1.003
V29G,MQYKLILNGKTLKGETTTEAVDAATAEKGFKQYANDNGVDGEWTYDDATKTFTVTE,0.968
V29H,MQYKLILNGKTLKGETTTEAVDAATAEKHFKQYANDNGVDGEWTYDDATKTFTVTE,1.189
V29I,MQYKLILNGKTLKGETTTEAVDAATAEKIFKQYANDNGVDGEWTYDDATKTFTVTE,1.296
V29K,MQYKLILNGKTLKGETTTEAVDAATAEKKFKQYANDNGVDGEWTYDDATKTFTVTE,2.27
V29L,MQYKLILNGKTLKGETTTEAVDAATAEKLFKQYANDNGVDGEWTYDDATKTFTVTE,1.276
V29M,MQYKLILNGKTLKGETTTEAVDAATAEKMFKQYANDNGVDGEWTYDDATKTFTVTE,1.195
V29N,MQYKLILNGKTLKGETTTEAVDAATAEKNFKQYANDNGVDGEWTYDDATKTFTVTE,1.447
V29P,MQYKLILNGKTLKGETTTEAVDAATAEKPFKQYANDNGVDGEWTYDDATKTFTVTE,0.112
V29Q,MQYKLILNGKTLKGETTTEAVDAATAEKQFKQYANDNGVDGEWTYDDATKTFTVTE,1.344
V29R,MQYKLILNGKTLKGETTTEAVDAATAEKRFKQYANDNGVDGEWTYDDATKTFTVTE,2.693
V29S,MQYKLILNGKTLKGETTTEAVDAATAEKSFKQYANDNGVDGEWTYDDATKTFTVTE,1.274
V29T,MQYKLILNGKTLKGETTTEAVDAATAEKTFKQYANDNGVDGEWTYDDATKTFTVTE,1.262
V29W,MQYKLILNGKTLKGETTTEAVDAATAEKWFKQYANDNGVDGEWTYDDATKTFTVTE,0.76
V29Y,MQYKLILNGKTLKGETTTEAVDAATAEKYFKQYANDNGVDGEWTYDDATKTFTVTE,1.057
F30A,MQYKLILNGKTLKGETTTEAVDAATAEKVAKQYANDNGVDGEWTYDDATKTFTVTE,0.215
F30C,MQYKLILNGKTLKGETTTEAVDAATAEKVCKQYANDNGVDGEWTYDDATKTFTVTE,0.578
F30D,MQYKLILNGKTLKGETTTEAVDAATAEKVDKQYANDNGVDGEWTYDDATKTFTVTE,0.004
F30E,MQYKLILNGKTLKGETTTEAVDAATAEKVEKQYANDNGVDGEWTYDDATKTFTVTE,0.005
F30G,MQYKLILNGKTLKGETTTEAVDAATAEKVGKQYANDNGVDGEWTYDDATKTFTVTE,0.048
F30H,MQYKLILNGKTLKGETTTEAVDAATAEKVHKQYANDNGVDGEWTYDDATKTFTVTE,0.834
F30I,MQYKLILNGKTLKGETTTEAVDAATAEKVIKQYANDNGVDGEWTYDDATKTFTVTE,0.2
F30K,MQYKLILNGKTLKGETTTEAVDAATAEKVKKQYANDNGVDGEWTYDDATKTFTVTE,0.069
F30L,MQYKLILNGKTLKGETTTEAVDAATAEKVLKQYANDNGVDGEWTYDDATKTFTVTE,0.786
F30M,MQYKLILNGKTLKGETTTEAVDAATAEKVMKQYANDNGVDGEWTYDDATKTFTVTE,0.655
F30N,MQYKLILNGKTLKGETTTEAVDAATAEKVNKQYANDNGVDGEWTYDDATKTFTVTE,0.15
F30P,MQYKLILNGKTLKGETTTEAVDAATAEKVPKQYANDNGVDGEWTYDDATKTFTVTE,0.006
F30Q,MQYKLILNGKTLKGETTTEAVDAATAEKVQKQYANDNGVDGEWTYDDATKTFTVTE,0.079
F30R,MQYKLILNGKTLKGETTTEAVDAATAEKVRKQYANDNGVDGEWTYDDATKTFTVTE,0.005
F30S,MQYKLILNGKTLKGETTTEAVDAATAEKVSKQYANDNGVDGEWTYDDATKTFTVTE,0.352
F30T,MQYKLILNGKTLKGETTTEAVDAATAEKVTKQYANDNGVDGEWTYDDATKTFTVTE,0.092
F30V,MQYKLILNGKTLKGETTTEAVDAATAEKVVKQYANDNGVDGEWTYDDATKTFTVTE,0.405
F30W,MQYKLILNGKTLKGETTTEAVDAATAEKVWKQYANDNGVDGEWTYDDATKTFTVTE,0.445
F30Y,MQYKLILNGKTLKGETTTEAVDAATAEKVYKQYANDNGVDGEWTYDDATKTFTVTE,0.418
K31A,MQYKLILNGKTLKGETTTEAVDAATAEKVFAQYANDNGVDGEWTYDDATKTFTVTE,0.003
K31C,MQYKLILNGKTLKGETTTEAVDAATAEKVFCQYANDNGVDGEWTYDDATKTFTVTE,0.007
K31D,MQYKLILNGKTLKGETTTEAVDAATAEKVFDQYANDNGVDGEWTYDDATKTFTVTE,0.003
K31E,MQYKLILNGKTLKGETTTEAVDAATAEKVFEQYANDNGVDGEWTYDDATKTFTVTE,0.003
K31F,MQYKLILNGKTLKGETTTEAVDAATAEKVFFQYANDNGVDGEWTYDDATKTFTVTE,0.003
K31G,MQYKLILNGKTLKGETTTEAVDAATAEKVFGQYANDNGVDGEWTYDDATKTFTVTE,0.003
K31H,MQYKLILNGKTLKGETTTEAVDAATAEKVFHQYANDNGVDGEWTYDDATKTFTVTE,0.002
K31I,MQYKLILNGKTLKGETTTEAVDAATAEKVFIQYANDNGVDGEWTYDDATKTFTVTE,0.004
K31L,MQYKLILNGKTLKGETTTEAVDAATAEKVFLQYANDNGVDGEWTYDDATKTFTVTE,0.006
K31M,MQYKLILNGKTLKGETTTEAVDAATAEKVFMQYANDNGVDGEWTYDDATKTFTVTE,0.011
K31N,MQYKLILNGKTLKGETTTEAVDAATAEKVFNQYANDNGVDGEWTYDDATKTFTVTE,0.004
K31P,MQYKLILNGKTLKGETTTEAVDAATAEKVFPQYANDNGVDGEWTYDDATKTFTVTE,0.004
K31Q,MQYKLILNGKTLKGETTTEAVDAATAEKVFQQYANDNGVDGEWTYDDATKTFTVTE,0.004
K31R,MQYKLILNGKTLKGETTTEAVDAATAEKVFRQYANDNGVDGEWTYDDATKTFTVTE,0.234
K31S,MQYKLILNGKTLKGETTTEAVDAATAEKVFSQYANDNGVDGEWTYDDATKTFTVTE,0.003
K31T,MQYKLILNGKTLKGETTTEAVDAATAEKVFTQYANDNGVDGEWTYDDATKTFTVTE,0.002
K31V,MQYKLILNGKTLKGETTTEAVDAATAEKVFVQYANDNGVDGEWTYDDATKTFTVTE,0.003
K31W,MQYKLILNGKTLKGETTTEAVDAATAEKVFWQYANDNGVDGEWTYDDATKTFTVTE,0.005
K31Y,MQYKLILNGKTLKGETTTEAVDAATAEKVFYQYANDNGVDGEWTYDDATKTFTVTE,0.002
Q32A,MQYKLILNGKTLKGETTTEAVDAATAEKVFKAYANDNGVDGEWTYDDATKTFTVTE,0.788
Q32C,MQYKLILNGKTLKGETTTEAVDAATAEKVFKCYANDNGVDGEWTYDDATKTFTVTE,0.805
Q32D,MQYKLILNGKTLKGETTTEAVDAATAEKVFKDYANDNGVDGEWTYDDATKTFTVTE,0.059
Q32E,MQYKLILNGKTLKGETTTEAVDAATAEKVFKEYANDNGVDGEWTYDDATKTFTVTE,0.076
Q32F,MQYKLILNGKTLKGETTTEAVDAATAEKVFKFYANDNGVDGEWTYDDATKTFTVTE,0.233
Q32G,MQYKLILNGKTLKGETTTEAVDAATAEKVFKGYANDNGVDGEWTYDDATKTFTVTE,1.497
Q32H,MQYKLILNGKTLKGETTTEAVDAATAEKVFKHYANDNGVDGEWTYDDATKTFTVTE,1.149
Q32I,MQYKLILNGKTLKGETTTEAVDAATAEKVFKIYANDNGVDGEWTYDDATKTFTVTE,0.393
Q32K,MQYKLILNGKTLKGETTTEAVDAATAEKVFKKYANDNGVDGEWTYDDATKTFTVTE,1.283
Q32L,MQYKLILNGKTLKGETTTEAVDAATAEKVFKLYANDNGVDGEWTYDDATKTFTVTE,0.961
Q32M,MQYKLILNGKTLKGETTTEAVDAATAEKVFKMYANDNGVDGEWTYDDATKTFTVTE,0.818
Q32N,MQYKLILNGKTLKGETTTEAVDAATAEKVFKNYANDNGVDGEWTYDDATKTFTVTE,1.633
Q32P,MQYKLILNGKTLKGETTTEAVDAATAEKVFKPYANDNGVDGEWTYDDATKTFTVTE,0.019
Q32R,MQYKLILNGKTLKGETTTEAVDAATAEKVFKRYANDNGVDGEWTYDDATKTFTVTE,1.372
Q32S,MQYKLILNGKTLKGETTTEAVDAATAEKVFKSYANDNGVDGEWTYDDATKTFTVTE,0.903
Q32T,MQYKLILNGKTLKGETTTEAVDAATAEKVFKTYANDNGVDGEWTYDDATKTFTVTE,0.664
Q32V,MQYKLILNGKTLKGETTTEAVDAATAEKVFKVYANDNGVDGEWTYDDATKTFTVTE,0.418
Q32W,MQYKLILNGKTLKGETTTEAVDAATAEKVFKWYANDNGVDGEWTYDDATKTFTVTE,0.243
Q32Y,MQYKLILNGKTLKGETTTEAVDAATAEKVFKYYANDNGVDGEWTYDDATKTFTVTE,0.208
Y33A,MQYKLILNGKTLKGETTTEAVDAATAEKVFKQAANDNGVDGEWTYDDATKTFTVTE,0.191
Y33C,MQYKLILNGKTLKGETTTEAVDAATAEKVFKQCANDNGVDGEWTYDDATKTFTVTE,0.307
Y33D,MQYKLILNGKTLKGETTTEAVDAATAEKVFKQDANDNGVDGEWTYDDATKTFTVTE,0.02
Y33E,MQYKLILNGKTLKGETTTEAVDAATAEKVFKQEANDNGVDGEWTYDDATKTFTVTE,0.045
Y33F,MQYKLILNGKTLKGETTTEAVDAATAEKVFKQFANDNGVDGEWTYDDATKTFTVTE,1.578
Y33G,MQYKLILNGKTLKGETTTEAVDAATAEKVFKQGANDNGVDGEWTYDDATKTFTVTE,0.311
Y33H,MQYKLILNGKTLKGETTTEAVDAATAEKVFKQHANDNGVDGEWTYDDATKTFTVTE,0.372
Y33I,MQYKLILNGKTLKGETTTEAVDAATAEKVFKQIANDNGVDGEWTYDDATKTFTVTE,0.226
Y33K,MQYKLILNGKTLKGETTTEAVDAATAEKVFKQKANDNGVDGEWTYDDATKTFTVTE,0.327
Y33L,MQYKLILNGKTLKGETTTEAVDAATAEKVFKQLANDNGVDGEWTYDDATKTFTVTE,0.663
Y33M,MQYKLILNGKTLKGETTTEAVDAATAEKVFKQMANDNGVDGEWTYDDATKTFTVTE,0.479
Y33N,MQYKLILNGKTLKGETTTEAVDAATAEKVFKQNANDNGVDGEWTYDDATKTFTVTE,0.187
Y33P,MQYKLILNGKTLKGETTTEAVDAATAEKVFKQPANDNGVDGEWTYDDATKTFTVTE,0.008
Y33Q,MQYKLILNGKTLKGETTTEAVDAATAEKVFKQQANDNGVDGEWTYDDATKTFTVTE,0.249
Y33R,MQYKLILNGKTLKGETTTEAVDAATAEKVFKQRANDNGVDGEWTYDDATKTFTVTE,0.303
Y33S,MQYKLILNGKTLKGETTTEAVDAATAEKVFKQSANDNGVDGEWTYDDATKTFTVTE,0.182
Y33T,MQYKLILNGKTLKGETTTEAVDAATAEKVFKQTANDNGVDGEWTYDDATKTFTVTE,0.165
Y33V,MQYKLILNGKTLKGETTTEAVDAATAEKVFKQVANDNGVDGEWTYDDATKTFTVTE,0.172
Y33W,MQYKLILNGKTLKGETTTEAVDAATAEKVFKQWANDNGVDGEWTYDDATKTFTVTE,0.659
A34C,MQYKLILNGKTLKGETTTEAVDAATAEKVFKQYCNDNGVDGEWTYDDATKTFTVTE,1.038
A34D,MQYKLILNGKTLKGETTTEAVDAATAEKVFKQYDNDNGVDGEWTYDDATKTFTVTE,0.004
A34E,MQYKLILNGKTLKGETTTEAVDAATAEKVFKQYENDNGVDGEWTYDDATKTFTVTE,0.004
A34F,MQYKLILNGKTLKGETTTEAVDAATAEKVFKQYFNDNGVDGEWTYDDATKTFTVTE,0.013
A34G,MQYKLILNGKTLKGETTTEAVDAATAEKVFKQYGNDNGVDGEWTYDDATKTFTVTE,0.253
A34H,MQYKLILNGKTLKGETTTEAVDAATAEKVFKQYHNDNGVDGEWTYDDATKTFTVTE,0.005
A34I,MQYKLILNGKTLKGETTTEAVDAATAEKVFKQYINDNGVDGEWTYDDATKTFTVTE,0.052
A34K,MQYKLILNGKTLKGETTTEAVDAATAEKVFKQYKNDNGVDGEWTYDDATKTFTVTE,0.004
A34L,MQYKLILNGKTLKGETTTEAVDAATAEKVFKQYLNDNGVDGEWTYDDATKTFTVTE,0.042
A34M,MQYKLILNGKTLKGETTTEAVDAATAEKVFKQYMNDNGVDGEWTYDDATKTFTVTE,0.769
A34N,MQYKLILNGKTLKGETTTEAVDAATAEKVFKQYNNDNGVDGEWTYDDATKTFTVTE,0.006
A34P,MQYKLILNGKTLKGETTTEAVDAATAEKVFKQYPNDNGVDGEWTYDDATKTFTVTE,0.004
A34Q,MQYKLILNGKTLKGETTTEAVDAATAEKVFKQYQNDNGVDGEWTYDDATKTFTVTE,0.005
A34R,MQYKLILNGKTLKGETTTEAVDAATAEKVFKQYRNDNGVDGEWTYDDATKTFTVTE,0.012
A34S,MQYKLILNGKTLKGETTTEAVDAATAEKVFKQYSNDNGVDGEWTYDDATKTFTVTE,0.791
A34T,MQYKLILNGKTLKGETTTEAVDAATAEKVFKQYTNDNGVDGEWTYDDATKTFTVTE,0.21
A34V,MQYKLILNGKTLKGETTTEAVDAATAEKVFKQYVNDNGVDGEWTYDDATKTFTVTE,0.179
A34W,MQYKLILNGKTLKGETTTEAVDAATAEKVFKQYWNDNGVDGEWTYDDATKTFTVTE,0.009
A34Y,MQYKLILNGKTLKGETTTEAVDAATAEKVFKQYYNDNGVDGEWTYDDATKTFTVTE,0.018
N35A,MQYKLILNGKTLKGETTTEAVDAATAEKVFKQYAADNGVDGEWTYDDATKTFTVTE,0.013
N35C,MQYKLILNGKTLKGETTTEAVDAATAEKVFKQYACDNGVDGEWTYDDATKTFTVTE,0.051
N35D,MQYKLILNGKTLKGETTTEAVDAATAEKVFKQYADDNGVDGEWTYDDATKTFTVTE,0.007
N35E,MQYKLILNGKTLKGETTTEAVDAATAEKVFKQYAEDNGVDGEWTYDDATKTFTVTE,0.007
N35F,MQYKLILNGKTLKGETTTEAVDAATAEKVFKQYAFDNGVDGEWTYDDATKTFTVTE,0.018
N35G,MQYKLILNGKTLKGETTTEAVDAATAEKVFKQYAGDNGVDGEWTYDDATKTFTVTE,0.052
N35H,MQYKLILNGKTLKGETTTEAVDAATAEKVFKQYAHDNGVDGEWTYDDATKTFTVTE,0.016
N35I,MQYKLILNGKTLKGETTTEAVDAATAEKVFKQYAIDNGVDGEWTYDDATKTFTVTE,0.032
N35K,MQYKLILNGKTLKGETTTEAVDAATAEKVFKQYAKDNGVDGEWTYDDATKTFTVTE,0.007
N35L,MQYKLILNGKTLKGETTTEAVDAATAEKVFKQYALDNGVDGEWTYDDATKTFTVTE,0.01
N35M,MQYKLILNGKTLKGETTTEAVDAATAEKVFKQYAMDNGVDGEWTYDDATKTFTVTE,0.012
N35P,MQYKLILNGKTLKGETTTEAVDAATAEKVFKQYAPDNGVDGEWTYDDATKTFTVTE,0.003
N35Q,MQYKLILNGKTLKGETTTEAVDAATAEKVFKQYAQDNGVDGEWTYDDATKTFTVTE,0.008
N35R,MQYKLILNGKTLKGETTTEAVDAATAEKVFKQYARDNGVDGEWTYDDATKTFTVTE,0.014
N35S,MQYKLILNGKTLKGETTTEAVDAATAEKVFKQYASDNGVDGEWTYDDATKTFTVTE,0.049
N35T,MQYKLILNGKTLKGETTTEAVDAATAEKVFKQYATDNGVDGEWTYDDATKTFTVTE,0.097
N35V,MQYKLILNGKTLKGETTTEAVDAATAEKVFKQYAVDNGVDGEWTYDDATKTFTVTE,0.01
N35W,MQYKLILNGKTLKGETTTEAVDAATAEKVFKQYAWDNGVDGEWTYDDATKTFTVTE,0.03
N35Y,MQYKLILNGKTLKGETTTEAVDAATAEKVFKQYAYDNGVDGEWTYDDATKTFTVTE,0.015
D36A,MQYKLILNGKTLKGETTTEAVDAATAEKVFKQYANANGVDGEWTYDDATKTFTVTE,1.66
D36C,MQYKLILNGKTLKGETTTEAVDAATAEKVFKQYANCNGVDGEWTYDDATKTFTVTE,1.506
D36E,MQYKLILNGKTLKGETTTEAVDAATAEKVFKQYANENGVDGEWTYDDATKTFTVTE,1.141
D36F,MQYKLILNGKTLKGETTTEAVDAATAEKVFKQYANFNGVDGEWTYDDATKTFTVTE,0.899
D36G,MQYKLILNGKTLKGETTTEAVDAATAEKVFKQYANGNGVDGEWTYDDATKTFTVTE,1.847
D36H,MQYKLILNGKTLKGETTTEAVDAATAEKVFKQYANHNGVDGEWTYDDATKTFTVTE,1.109
D36I,MQYKLILNGKTLKGETTTEAVDAATAEKVFKQYANINGVDGEWTYDDATKTFTVTE,1.344
D36K,MQYKLILNGKTLKGETTTEAVDAATAEKVFKQYANKNGVDGEWTYDDATKTFTVTE,1.307
D36L,MQYKLILNGKTLKGETTTEAVDAATAEKVFKQYANLNGVDGEWTYDDATKTFTVTE,1.453
D36M,MQYKLILNGKTLKGETTTEAVDAATAEKVFKQYANMNGVDGEWTYDDATKTFTVTE,1.427
D36N,MQYKLILNGKTLKGETTTEAVDAATAEKVFKQYANNNGVDGEWTYDDATKTFTVTE,1.863
D36P,MQYKLILNGKTLKGETTTEAVDAATAEKVFKQYANPNGVDGEWTYDDATKTFTVTE,0.014
D36Q,MQYKLILNGKTLKGETTTEAVDAATAEKVFKQYANQNGVDGEWTYDDATKTFTVTE,1.348
D36R,MQYKLILNGKTLKGETTTEAVDAATAEKVFKQYANRNGVDGEWTYDDATKTFTVTE,1.702
D36S,MQYKLILNGKTLKGETTTEAVDAATAEKVFKQYANSNGVDGEWTYDDATKTFTVTE,1.674
D36T,MQYKLILNGKTLKGETTTEAVDAATAEKVFKQYANTNGVDGEWTYDDATKTFTVTE,1.459
D36V,MQYKLILNGKTLKGETTTEAVDAATAEKVFKQYANVNGVDGEWTYDDATKTFTVTE,1.662
D36W,MQYKLILNGKTLKGETTTEAVDAATAEKVFKQYANWNGVDGEWTYDDATKTFTVTE,0.877
D36Y,MQYKLILNGKTLKGETTTEAVDAATAEKVFKQYANYNGVDGEWTYDDATKTFTVTE,1.032
N37A,MQYKLILNGKTLKGETTTEAVDAATAEKVFKQYANDAGVDGEWTYDDATKTFTVTE,0.224
N37C,MQYKLILNGKTLKGETTTEAVDAATAEKVFKQYANDCGVDGEWTYDDATKTFTVTE,0.58
N37D,MQYKLILNGKTLKGETTTEAVDAATAEKVFKQYANDDGVDGEWTYDDATKTFTVTE,0.064
N37E,MQYKLILNGKTLKGETTTEAVDAATAEKVFKQYANDEGVDGEWTYDDATKTFTVTE,0.15
N37F,MQYKLILNGKTLKGETTTEAVDAATAEKVFKQYANDFGVDGEWTYDDATKTFTVTE,0.057
N37G,MQYKLILNGKTLKGETTTEAVDAATAEKVFKQYANDGGVDGEWTYDDATKTFTVTE,0.379
N37H,MQYKLILNGKTLKGETTTEAVDAATAEKVFKQYANDHGVDGEWTYDDATKTFTVTE,0.345
N37I,MQYKLILNGKTLKGETTTEAVDAATAEKVFKQYANDIGVDGEWTYDDATKTFTVTE,0.371
N37K,MQYKLILNGKTLKGETTTEAVDAATAEKVFKQYANDKGVDGEWTYDDATKTFTVTE,0.209
N37L,MQYKLILNGKTLKGETTTEAVDAATAEKVFKQYANDLGVDGEWTYDDATKTFTVTE,0.306
N37M,MQYKLILNGKTLKGETTTEAVDAATAEKVFKQYANDMGVDGEWTYDDATKTFTVTE,0.21
N37P,MQYKLILNGKTLKGETTTEAVDAATAEKVFKQYANDPGVDGEWTYDDATKTFTVTE,0.006
N37Q,MQYKLILNGKTLKGETTTEAVDAATAEKVFKQYANDQGVDGEWTYDDATKTFTVTE,0.28
N37R,MQYKLILNGKTLKGETTTEAVDAATAEKVFKQYANDRGVDGEWTYDDATKTFTVTE,0.192
N37S,MQYKLILNGKTLKGETTTEAVDAATAEKVFKQYANDSGVDGEWTYDDATKTFTVTE,0.596
N37T,MQYKLILNGKTLKGETTTEAVDAATAEKVFKQYANDTGVDGEWTYDDATKTFTVTE,0.458
N37V,MQYKLILNGKTLKGETTTEAVDAATAEKVFKQYANDVGVDGEWTYDDATKTFTVTE,0.275
N37W,MQYKLILNGKTLKGETTTEAVDAATAEKVFKQYANDWGVDGEWTYDDATKTFTVTE,0.157
N37Y,MQYKLILNGKTLKGETTTEAVDAATAEKVFKQYANDYGVDGEWTYDDATKTFTVTE,0.099
G38A,MQYKLILNGKTLKGETTTEAVDAATAEKVFKQYANDNAVDGEWTYDDATKTFTVTE,0.997
G38C,MQYKLILNGKTLKGETTTEAVDAATAEKVFKQYANDNCVDGEWTYDDATKTFTVTE,0.544
G38D,MQYKLILNGKTLKGETTTEAVDAATAEKVFKQYANDNDVDGEWTYDDATKTFTVTE,0.564
G38E,MQYKLILNGKTLKGETTTEAVDAATAEKVFKQYANDNEVDGEWTYDDATKTFTVTE,0.452
G38F,MQYKLILNGKTLKGETTTEAVDAATAEKVFKQYANDNFVDGEWTYDDATKTFTVTE,0.566
G38H,MQYKLILNGKTLKGETTTEAVDAATAEKVFKQYANDNHVDGEWTYDDATKTFTVTE,0.459
G38I,MQYKLILNGKTLKGETTTEAVDAATAEKVFKQYANDNIVDGEWTYDDATKTFTVTE,0.207
G38K,MQYKLILNGKTLKGETTTEAVDAATAEKVFKQYANDNKVDGEWTYDDATKTFTVTE,0.424
G38L,MQYKLILNGKTLKGETTTEAVDAATAEKVFKQYANDNLVDGEWTYDDATKTFTVTE,0.62
G38M,MQYKLILNGKTLKGETTTEAVDAATAEKVFKQYANDNMVDGEWTYDDATKTFTVTE,0.461
G38N,MQYKLILNGKTLKGETTTEAVDAATAEKVFKQYANDNNVDGEWTYDDATKTFTVTE,0.498
G38P,MQYKLILNGKTLKGETTTEAVDAATAEKVFKQYANDNPVDGEWTYDDATKTFTVTE,0.007
G38Q,MQYKLILNGKTLKGETTTEAVDAATAEKVFKQYANDNQVDGEWTYDDATKTFTVTE,0.455
G38R,MQYKLILNGKTLKGETTTEAVDAATAEKVFKQYANDNRVDGEWTYDDATKTFTVTE,0.423
G38S,MQYKLILNGKTLKGETTTEAVDAATAEKVFKQYANDNSVDGEWTYDDATKTFTVTE,0.594
G38T,MQYKLILNGKTLKGETTTEAVDAATAEKVFKQYANDNTVDGEWTYDDATKTFTVTE,0.471
G38V,MQYKLILNGKTLKGETTTEAVDAATAEKVFKQYANDNVVDGEWTYDDATKTFTVTE,0.412
G38W,MQYKLILNGKTLKGETTTEAVDAATAEKVFKQYANDNWVDGEWTYDDATKTFTVTE,0.619
G38Y,MQYKLILNGKTLKGETTTEAVDAATAEKVFKQYANDNYVDGEWTYDDATKTFTVTE,0.635
V39A,MQYKLILNGKTLKGETTTEAVDAATAEKVFKQYANDNGADGEWTYDDATKTFTVTE,0.053
V39C,MQYKLILNGKTLKGETTTEAVDAATAEKVFKQYANDNGCDGEWTYDDATKTFTVTE,0.209
V39D,MQYKLILNGKTLKGETTTEAVDAATAEKVFKQYANDNGDDGEWTYDDATKTFTVTE,0.006
V39E,MQYKLILNGKTLKGETTTEAVDAATAEKVFKQYANDNGEDGEWTYDDATKTFTVTE,0.028
V39F,MQYKLILNGKTLKGETTTEAVDAATAEKVFKQYANDNGFDGEWTYDDATKTFTVTE,0.325
V39G,MQYKLILNGKTLKGETTTEAVDAATAEKVFKQYANDNGGDGEWTYDDATKTFTVTE,0.007
V39H,MQYKLILNGKTLKGETTTEAVDAATAEKVFKQYANDNGHDGEWTYDDATKTFTVTE,0.023
V39I,MQYKLILNGKTLKGETTTEAVDAATAEKVFKQYANDNGIDGEWTYDDATKTFTVTE,1.248
V39K,MQYKLILNGKTLKGETTTEAVDAATAEKVFKQYANDNGKDGEWTYDDATKTFTVTE,0.017
V39L,MQYKLILNGKTLKGETTTEAVDAATAEKVFKQYANDNGLDGEWTYDDATKTFTVTE,1.459
V39M,MQYKLILNGKTLKGETTTEAVDAATAEKVFKQYANDNGMDGEWTYDDATKTFTVTE,1.01
V39N,MQYKLILNGKTLKGETTTEAVDAATAEKVFKQYANDNGNDGEWTYDDATKTFTVTE,0.01
V39P,MQYKLILNGKTLKGETTTEAVDAATAEKVFKQYANDNGPDGEWTYDDATKTFTVTE,0.008
V39Q,MQYKLILNGKTLKGETTTEAVDAATAEKVFKQYANDNGQDGEWTYDDATKTFTVTE,0.089
V39R,MQYKLILNGKTLKGETTTEAVDAATAEKVFKQYANDNGRDGEWTYDDATKTFTVTE,0.015
V39S,MQYKLILNGKTLKGETTTEAVDAATAEKVFKQYANDNGSDGEWTYDDATKTFTVTE,0.03
V39T,MQYKLILNGKTLKGETTTEAVDAATAEKVFKQYANDNGTDGEWTYDDATKTFTVTE,0.213
V39W,MQYKLILNGKTLKGETTTEAVDAATAEKVFKQYANDNGWDGEWTYDDATKTFTVTE,0.009
V39Y,MQYKLILNGKTLKGETTTEAVDAATAEKVFKQYANDNGYDGEWTYDDATKTFTVTE,0.062
D40A,MQYKLILNGKTLKGETTTEAVDAATAEKVFKQYANDNGVAGEWTYDDATKTFTVTE,2.072
D40C,MQYKLILNGKTLKGETTTEAVDAATAEKVFKQYANDNGVCGEWTYDDATKTFTVTE,1.586
D40E,MQYKLILNGKTLKGETTTEAVDAATAEKVFKQYANDNGVEGEWTYDDATKTFTVTE,0.743
D40F,MQYKLILNGKTLKGETTTEAVDAATAEKVFKQYANDNGVFGEWTYDDATKTFTVTE,2.636
D40G,MQYKLILNGKTLKGETTTEAVDAATAEKVFKQYANDNGVGGEWTYDDATKTFTVTE,0.746
D40H,MQYKLILNGKTLKGETTTEAVDAATAEKVFKQYANDNGVHGEWTYDDATKTFTVTE,2.659
D40I,MQYKLILNGKTLKGETTTEAVDAATAEKVFKQYANDNGVIGEWTYDDATKTFTVTE,1.546
D40K,MQYKLILNGKTLKGETTTEAVDAATAEKVFKQYANDNGVKGEWTYDDATKTFTVTE,0.982
D40L,MQYKLILNGKTLKGETTTEAVDAATAEKVFKQYANDNGVLGEWTYDDATKTFTVTE,0.783
D40M,MQYKLILNGKTLKGETTTEAVDAATAEKVFKQYANDNGVMGEWTYDDATKTFTVTE,0.944
D40N,MQYKLILNGKTLKGETTTEAVDAATAEKVFKQYANDNGVNGEWTYDDATKTFTVTE,1.556
D40P,MQYKLILNGKTLKGETTTEAVDAATAEKVFKQYANDNGVPGEWTYDDATKTFTVTE,0.347
D40Q,MQYKLILNGKTLKGETTTEAVDAATAEKVFKQYANDNGVQGEWTYDDATKTFTVTE,0.961
D40R,MQYKLILNGKTLKGETTTEAVDAATAEKVFKQYANDNGVRGEWTYDDATKTFTVTE,1.42
D40S,MQYKLILNGKTLKGETTTEAVDAATAEKVFKQYANDNGVSGEWTYDDATKTFTVTE,1.867
D40T,MQYKLILNGKTLKGETTTEAVDAATAEKVFKQYANDNGVTGEWTYDDATKTFTVTE,1.006
D40V,MQYKLILNGKTLKGETTTEAVDAATAEKVFKQYANDNGVVGEWTYDDATKTFTVTE,1.681
D40W,MQYKLILNGKTLKGETTTEAVDAATAEKVFKQYANDNGVWGEWTYDDATKTFTVTE,3.367
D40Y,MQYKLILNGKTLKGETTTEAVDAATAEKVFKQYANDNGVYGEWTYDDATKTFTVTE,3.359
G41A,MQYKLILNGKTLKGETTTEAVDAATAEKVFKQYANDNGVDAEWTYDDATKTFTVTE,0.104
G41C,MQYKLILNGKTLKGETTTEAVDAATAEKVFKQYANDNGVDCEWTYDDATKTFTVTE,0.052
G41D,MQYKLILNGKTLKGETTTEAVDAATAEKVFKQYANDNGVDDEWTYDDATKTFTVTE,0.005
G41E,MQYKLILNGKTLKGETTTEAVDAATAEKVFKQYANDNGVDEEWTYDDATKTFTVTE,0.006
G41F,MQYKLILNGKTLKGETTTEAVDAATAEKVFKQYANDNGVDFEWTYDDATKTFTVTE,0.058
G41H,MQYKLILNGKTLKGETTTEAVDAATAEKVFKQYANDNGVDHEWTYDDATKTFTVTE,0.004
G41I,MQYKLILNGKTLKGETTTEAVDAATAEKVFKQYANDNGVDIEWTYDDATKTFTVTE,0.003
G41K,MQYKLILNGKTLKGETTTEAVDAATAEKVFKQYANDNGVDKEWTYDDATKTFTVTE,0.004
G41L,MQYKLILNGKTLKGETTTEAVDAATAEKVFKQYANDNGVDLEWTYDDATKTFTVTE,0.008
G41M,MQYKLILNGKTLKGETTTEAVDAATAEKVFKQYANDNGVDMEWTYDDATKTFTVTE,0.011
G41N,MQYKLILNGKTLKGETTTEAVDAATAEKVFKQYANDNGVDNEWTYDDATKTFTVTE,0.005
G41P,MQYKLILNGKTLKGETTTEAVDAATAEKVFKQYANDNGVDPEWTYDDATKTFTVTE,0.004
G41Q,MQYKLILNGKTLKGETTTEAVDAATAEKVFKQYANDNGVDQEWTYDDATKTFTVTE,0.004
G41R,MQYKLILNGKTLKGETTTEAVDAATAEKVFKQYANDNGVDREWTYDDATKTFTVTE,0.004
G41S,MQYKLILNGKTLKGETTTEAVDAATAEKVFKQYANDNGVDSEWTYDDATKTFTVTE,0.012
G41T,MQYKLILNGKTLKGETTTEAVDAATAEKVFKQYANDNGVDTEWTYDDATKTFTVTE,0.004
G41V,MQYKLILNGKTLKGETTTEAVDAATAEKVFKQYANDNGVDVEWTYDDATKTFTVTE,0.014
G41W,MQYKLILNGKTLKGETTTEAVDAATAEKVFKQYANDNGVDWEWTYDDATKTFTVTE,0.006
G41Y,MQYKLILNGKTLKGETTTEAVDAATAEKVFKQYANDNGVDYEWTYDDATKTFTVTE,0.012
E42A,MQYKLILNGKTLKGETTTEAVDAATAEKVFKQYANDNGVDGAWTYDDATKTFTVTE,1.535
E42C,MQYKLILNGKTLKGETTTEAVDAATAEKVFKQYANDNGVDGCWTYDDATKTFTVTE,1.531
E42D,MQYKLILNGKTLKGETTTEAVDAATAEKVFKQYANDNGVDGDWTYDDATKTFTVTE,1.185
E42F,MQYKLILNGKTLKGETTTEAVDAATAEKVFKQYANDNGVDGFWTYDDATKTFTVTE,1.596
E42G,MQYKLILNGKTLKGETTTEAVDAATAEKVFKQYANDNGVDGGWTYDDATKTFTVTE,1.567
E42H,MQYKLILNGKTLKGETTTEAVDAATAEKVFKQYANDNGVDGHWTYDDATKTFTVTE,1.312
E42I,MQYKLILNGKTLKGETTTEAVDAATAEKVFKQYANDNGVDGIWTYDDATKTFTVTE,1.896
E42K,MQYKLILNGKTLKGETTTEAVDAATAEKVFKQYANDNGVDGKWTYDDATKTFTVTE,1.642
E42L,MQYKLILNGKTLKGETTTEAVDAATAEKVFKQYANDNGVDGLWTYDDATKTFTVTE,2.138
E42M,MQYKLILNGKTLKGETTTEAVDAATAEKVFKQYANDNGVDGMWTYDDATKTFTVTE,1.734
E42N,MQYKLILNGKTLKGETTTEAVDAATAEKVFKQYANDNGVDGNWTYDDATKTFTVTE,1.545
E42P,MQYKLILNGKTLKGETTTEAVDAATAEKVFKQYANDNGVDGPWTYDDATKTFTVTE,0.687
E42Q,MQYKLILNGKTLKGETTTEAVDAATAEKVFKQYANDNGVDGQWTYDDATKTFTVTE,2.151
E42R,MQYKLILNGKTLKGETTTEAVDAATAEKVFKQYANDNGVDGRWTYDDATKTFTVTE,1.905
E42S,MQYKLILNGKTLKGETTTEAVDAATAEKVFKQYANDNGVDGSWTYDDATKTFTVTE,1.661
E42T,MQYKLILNGKTLKGETTTEAVDAATAEKVFKQYANDNGVDGTWTYDDATKTFTVTE,1.833
E42V,MQYKLILNGKTLKGETTTEAVDAATAEKVFKQYANDNGVDGVWTYDDATKTFTVTE,1.826
E42W,MQYKLILNGKTLKGETTTEAVDAATAEKVFKQYANDNGVDGWWTYDDATKTFTVTE,2.086
E42Y,MQYKLILNGKTLKGETTTEAVDAATAEKVFKQYANDNGVDGYWTYDDATKTFTVTE,1.567
W43A,MQYKLILNGKTLKGETTTEAVDAATAEKVFKQYANDNGVDGEATYDDATKTFTVTE,0.004
W43C,MQYKLILNGKTLKGETTTEAVDAATAEKVFKQYANDNGVDGECTYDDATKTFTVTE,0.005
W43D,MQYKLILNGKTLKGETTTEAVDAATAEKVFKQYANDNGVDGEDTYDDATKTFTVTE,0.003
W43E,MQYKLILNGKTLKGETTTEAVDAATAEKVFKQYANDNGVDGEETYDDATKTFTVTE,0.003
W43F,MQYKLILNGKTLKGETTTEAVDAATAEKVFKQYANDNGVDGEFTYDDATKTFTVTE,0.013
W43G,MQYKLILNGKTLKGETTTEAVDAATAEKVFKQYANDNGVDGEGTYDDATKTFTVTE,0.005
W43H,MQYKLILNGKTLKGETTTEAVDAATAEKVFKQYANDNGVDGEHTYDDATKTFTVTE,0.004
W43I,MQYKLILNGKTLKGETTTEAVDAATAEKVFKQYANDNGVDGEITYDDATKTFTVTE,0.003
W43K,MQYKLILNGKTLKGETTTEAVDAATAEKVFKQYANDNGVDGEKTYDDATKTFTVTE,0.003
W43L,MQYKLILNGKTLKGETTTEAVDAATAEKVFKQYANDNGVDGELTYDDATKTFTVTE,0.004
W43M,MQYKLILNGKTLKGETTTEAVDAATAEKVFKQYANDNGVDGEMTYDDATKTFTVTE,0.003
W43N,MQYKLILNGKTLKGETTTEAVDAATAEKVFKQYANDNGVDGENTYDDATKTFTVTE,0.003
W43P,MQYKLILNGKTLKGETTTEAVDAATAEKVFKQYANDNGVDGEPTYDDATKTFTVTE,0.003
W43Q,MQYKLILNGKTLKGETTTEAVDAATAEKVFKQYANDNGVDGEQTYDDATKTFTVTE,0.003
W43R,MQYKLILNGKTLKGETTTEAVDAATAEKVFKQYANDNGVDGERTYDDATKTFTVTE,0.005
W43S,MQYKLILNGKTLKGETTTEAVDAATAEKVFKQYANDNGVDGESTYDDATKTFTVTE,0.003
W43T,MQYKLILNGKTLKGETTTEAVDAATAEKVFKQYANDNGVDGETTYDDATKTFTVTE,0.004
W43V,MQYKLILNGKTLKGETTTEAVDAATAEKVFKQYANDNGVDGEVTYDDATKTFTVTE,0.003
W43Y,MQYKLILNGKTLKGETTTEAVDAATAEKVFKQYANDNGVDGEYTYDDATKTFTVTE,0.008
T44A,MQYKLILNGKTLKGETTTEAVDAATAEKVFKQYANDNGVDGEWAYDDATKTFTVTE,1.462
T44C,MQYKLILNGKTLKGETTTEAVDAATAEKVFKQYANDNGVDGEWCYDDATKTFTVTE,0.962
T44D,MQYKLILNGKTLKGETTTEAVDAATAEKVFKQYANDNGVDGEWDYDDATKTFTVTE,0.688
T44E,MQYKLILNGKTLKGETTTEAVDAATAEKVFKQYANDNGVDGEWEYDDATKTFTVTE,0.986
T44F,MQYKLILNGKTLKGETTTEAVDAATAEKVFKQYANDNGVDGEWFYDDATKTFTVTE,1.023
T44G,MQYKLILNGKTLKGETTTEAVDAATAEKVFKQYANDNGVDGEWGYDDATKTFTVTE,1.4
T44H,MQYKLILNGKTLKGETTTEAVDAATAEKVFKQYANDNGVDGEWHYDDATKTFTVTE,1.134
T44I,MQYKLILNGKTLKGETTTEAVDAATAEKVFKQYANDNGVDGEWIYDDATKTFTVTE,0.576
T44K,MQYKLILNGKTLKGETTTEAVDAATAEKVFKQYANDNGVDGEWKYDDATKTFTVTE,1.233
T44L,MQYKLILNGKTLKGETTTEAVDAATAEKVFKQYANDNGVDGEWLYDDATKTFTVTE,1.008
T44M,MQYKLILNGKTLKGETTTEAVDAATAEKVFKQYANDNGVDGEWMYDDATKTFTVTE,1.172
T44N,MQYKLILNGKTLKGETTTEAVDAATAEKVFKQYANDNGVDGEWNYDDATKTFTVTE,0.827
T44P,MQYKLILNGKTLKGETTTEAVDAATAEKVFKQYANDNGVDGEWPYDDATKTFTVTE,0.009
T44Q,MQYKLILNGKTLKGETTTEAVDAATAEKVFKQYANDNGVDGEWQYDDATKTFTVTE,1.438
T44R,MQYKLILNGKTLKGETTTEAVDAATAEKVFKQYANDNGVDGEWRYDDATKTFTVTE,1.217
T44S,MQYKLILNGKTLKGETTTEAVDAATAEKVFKQYANDNGVDGEWSYDDATKTFTVTE,1.167
T44V,MQYKLILNGKTLKGETTTEAVDAATAEKVFKQYANDNGVDGEWVYDDATKTFTVTE,0.489
T44W,MQYKLILNGKTLKGETTTEAVDAATAEKVFKQYANDNGVDGEWWYDDATKTFTVTE,1.274
T44Y,MQYKLILNGKTLKGETTTEAVDAATAEKVFKQYANDNGVDGEWYYDDATKTFTVTE,0.869
D46A,MQYKLILNGKTLKGETTTEAVDAATAEKVFKQYANDNGVDGEWTYADATKTFTVTE,1.23
D46C,MQYKLILNGKTLKGETTTEAVDAATAEKVFKQYANDNGVDGEWTYCDATKTFTVTE,1.294
D46E,MQYKLILNGKTLKGETTTEAVDAATAEKVFKQYANDNGVDGEWTYEDATKTFTVTE,1.002
D46F,MQYKLILNGKTLKGETTTEAVDAATAEKVFKQYANDNGVDGEWTYFDATKTFTVTE,1.059
D46G,MQYKLILNGKTLKGETTTEAVDAATAEKVFKQYANDNGVDGEWTYGDATKTFTVTE,1.162
D46H,MQYKLILNGKTLKGETTTEAVDAATAEKVFKQYANDNGVDGEWTYHDATKTFTVTE,1.255
D46I,MQYKLILNGKTLKGETTTEAVDAATAEKVFKQYANDNGVDGEWTYIDATKTFTVTE,1.204
D46K,MQYKLILNGKTLKGETTTEAVDAATAEKVFKQYANDNGVDGEWTYKDATKTFTVTE,1.336
D46L,MQYKLILNGKTLKGETTTEAVDAATAEKVFKQYANDNGVDGEWTYLDATKTFTVTE,1.239
D46M,MQYKLILNGKTLKGETTTEAVDAATAEKVFKQYANDNGVDGEWTYMDATKTFTVTE,1.212
D46N,MQYKLILNGKTLKGETTTEAVDAATAEKVFKQYANDNGVDGEWTYNDATKTFTVTE,1.374
D46P,MQYKLILNGKTLKGETTTEAVDAATAEKVFKQYANDNGVDGEWTYPDATKTFTVTE,0.033
D46Q,MQYKLILNGKTLKGETTTEAVDAATAEKVFKQYANDNGVDGEWTYQDATKTFTVTE,1.243
D46R,MQYKLILNGKTLKGETTTEAVDAATAEKVFKQYANDNGVDGEWTYRDATKTFTVTE,1.365
D46S,MQYKLILNGKTLKGETTTEAVDAATAEKVFKQYANDNGVDGEWTYSDATKTFTVTE,1.393
D46T,MQYKLILNGKTLKGETTTEAVDAATAEKVFKQYANDNGVDGEWTYTDATKTFTVTE,1.564
D46V,MQYKLILNGKTLKGETTTEAVDAATAEKVFKQYANDNGVDGEWTYVDATKTFTVTE,1.281
D46W,MQYKLILNGKTLKGETTTEAVDAATAEKVFKQYANDNGVDGEWTYWDATKTFTVTE,1.142
D46Y,MQYKLILNGKTLKGETTTEAVDAATAEKVFKQYANDNGVDGEWTYYDATKTFTVTE,0.984
D47A,MQYKLILNGKTLKGETTTEAVDAATAEKVFKQYANDNGVDGEWTYDAATKTFTVTE,1.716
D47C,MQYKLILNGKTLKGETTTEAVDAATAEKVFKQYANDNGVDGEWTYDCATKTFTVTE,1.41
D47E,MQYKLILNGKTLKGETTTEAVDAATAEKVFKQYANDNGVDGEWTYDEATKTFTVTE,1.12
D47F,MQYKLILNGKTLKGETTTEAVDAATAEKVFKQYANDNGVDGEWTYDFATKTFTVTE,1.76
D47G,MQYKLILNGKTLKGETTTEAVDAATAEKVFKQYANDNGVDGEWTYDGATKTFTVTE,1.579
D47H,MQYKLILNGKTLKGETTTEAVDAATAEKVFKQYANDNGVDGEWTYDHATKTFTVTE,2.18
D47I,MQYKLILNGKTLKGETTTEAVDAATAEKVFKQYANDNGVDGEWTYDIATKTFTVTE,1.437
D47K,MQYKLILNGKTLKGETTTEAVDAATAEKVFKQYANDNGVDGEWTYDKATKTFTVTE,2.14
D47L,MQYKLILNGKTLKGETTTEAVDAATAEKVFKQYANDNGVDGEWTYDLATKTFTVTE,1.521
D47M,MQYKLILNGKTLKGETTTEAVDAATAEKVFKQYANDNGVDGEWTYDMATKTFTVTE,1.404
D47N,MQYKLILNGKTLKGETTTEAVDAATAEKVFKQYANDNGVDGEWTYDNATKTFTVTE,1.661
D47P,MQYKLILNGKTLKGETTTEAVDAATAEKVFKQYANDNGVDGEWTYDPATKTFTVTE,1.907
D47Q,MQYKLILNGKTLKGETTTEAVDAATAEKVFKQYANDNGVDGEWTYDQATKTFTVTE,1.705
D47R,MQYKLILNGKTLKGETTTEAVDAATAEKVFKQYANDNGVDGEWTYDRATKTFTVTE,2.795
D47S,MQYKLILNGKTLKGETTTEAVDAATAEKVFKQYANDNGVDGEWTYDSATKTFTVTE,1.79
D47T,MQYKLILNGKTLKGETTTEAVDAATAEKVFKQYANDNGVDGEWTYDTATKTFTVTE,1.515
D47V,MQYKLILNGKTLKGETTTEAVDAATAEKVFKQYANDNGVDGEWTYDVATKTFTVTE,1.523
D47W,MQYKLILNGKTLKGETTTEAVDAATAEKVFKQYANDNGVDGEWTYDWATKTFTVTE,2.139
D47Y,MQYKLILNGKTLKGETTTEAVDAATAEKVFKQYANDNGVDGEWTYDYATKTFTVTE,1.74
A48C,MQYKLILNGKTLKGETTTEAVDAATAEKVFKQYANDNGVDGEWTYDDCTKTFTVTE,1.204
A48D,MQYKLILNGKTLKGETTTEAVDAATAEKVFKQYANDNGVDGEWTYDDDTKTFTVTE,1.097
A48E,MQYKLILNGKTLKGETTTEAVDAATAEKVFKQYANDNGVDGEWTYDDETKTFTVTE,1.154
A48F,MQYKLILNGKTLKGETTTEAVDAATAEKVFKQYANDNGVDGEWTYDDFTKTFTVTE,1.379
A48G,MQYKLILNGKTLKGETTTEAVDAATAEKVFKQYANDNGVDGEWTYDDGTKTFTVTE,1.238
A48H,MQYKLILNGKTLKGETTTEAVDAATAEKVFKQYANDNGVDGEWTYDDHTKTFTVTE,1.362
A48I,MQYKLILNGKTLKGETTTEAVDAATAEKVFKQYANDNGVDGEWTYDDITKTFTVTE,1.371
A48K,MQYKLILNGKTLKGETTTEAVDAATAEKVFKQYANDNGVDGEWTYDDKTKTFTVTE,1.338
A48L,MQYKLILNGKTLKGETTTEAVDAATAEKVFKQYANDNGVDGEWTYDDLTKTFTVTE,1.323
A48M,MQYKLILNGKTLKGETTTEAVDAATAEKVFKQYANDNGVDGEWTYDDMTKTFTVTE,1.303
A48N,MQYKLILNGKTLKGETTTEAVDAATAEKVFKQYANDNGVDGEWTYDDNTKTFTVTE,1.254
A48P,MQYKLILNGKTLKGETTTEAVDAATAEKVFKQYANDNGVDGEWTYDDPTKTFTVTE,1.269
A48Q,MQYKLILNGKTLKGETTTEAVDAATAEKVFKQYANDNGVDGEWTYDDQTKTFTVTE,1.313
A48R,MQYKLILNGKTLKGETTTEAVDAATAEKVFKQYANDNGVDGEWTYDDRTKTFTVTE,1.34
A48S,MQYKLILNGKTLKGETTTEAVDAATAEKVFKQYANDNGVDGEWTYDDSTKTFTVTE,1.272
A48T,MQYKLILNGKTLKGETTTEAVDAATAEKVFKQYANDNGVDGEWTYDDTTKTFTVTE,1.296
A48V,MQYKLILNGKTLKGETTTEAVDAATAEKVFKQYANDNGVDGEWTYDDVTKTFTVTE,1.341
A48W,MQYKLILNGKTLKGETTTEAVDAATAEKVFKQYANDNGVDGEWTYDDWTKTFTVTE,1.31
A48Y,MQYKLILNGKTLKGETTTEAVDAATAEKVFKQYANDNGVDGEWTYDDYTKTFTVTE,1.311
T49A,MQYKLILNGKTLKGETTTEAVDAATAEKVFKQYANDNGVDGEWTYDDAAKTFTVTE,1.176
T49C,MQYKLILNGKTLKGETTTEAVDAATAEKVFKQYANDNGVDGEWTYDDACKTFTVTE,1.236
T49D,MQYKLILNGKTLKGETTTEAVDAATAEKVFKQYANDNGVDGEWTYDDADKTFTVTE,1.076
T49E,MQYKLILNGKTLKGETTTEAVDAATAEKVFKQYANDNGVDGEWTYDDAEKTFTVTE,1.172
T49F,MQYKLILNGKTLKGETTTEAVDAATAEKVFKQYANDNGVDGEWTYDDAFKTFTVTE,1.207
T49G,MQYKLILNGKTLKGETTTEAVDAATAEKVFKQYANDNGVDGEWTYDDAGKTFTVTE,1.167
T49H,MQYKLILNGKTLKGETTTEAVDAATAEKVFKQYANDNGVDGEWTYDDAHKTFTVTE,1.273
T49I,MQYKLILNGKTLKGETTTEAVDAATAEKVFKQYANDNGVDGEWTYDDAIKTFTVTE,1.432
T49K,MQYKLILNGKTLKGETTTEAVDAATAEKVFKQYANDNGVDGEWTYDDAKKTFTVTE,1.339
T49L,MQYKLILNGKTLKGETTTEAVDAATAEKVFKQYANDNGVDGEWTYDDALKTFTVTE,1.262
T49M,MQYKLILNGKTLKGETTTEAVDAATAEKVFKQYANDNGVDGEWTYDDAMKTFTVTE,1.192
T49N,MQYKLILNGKTLKGETTTEAVDAATAEKVFKQYANDNGVDGEWTYDDANKTFTVTE,1.161
T49P,MQYKLILNGKTLKGETTTEAVDAATAEKVFKQYANDNGVDGEWTYDDAPKTFTVTE,0.987
T49Q,MQYKLILNGKTLKGETTTEAVDAATAEKVFKQYANDNGVDGEWTYDDAQKTFTVTE,1.22
T49R,MQYKLILNGKTLKGETTTEAVDAATAEKVFKQYANDNGVDGEWTYDDARKTFTVTE,1.309
T49S,MQYKLILNGKTLKGETTTEAVDAATAEKVFKQYANDNGVDGEWTYDDASKTFTVTE,1.299
T49V,MQYKLILNGKTLKGETTTEAVDAATAEKVFKQYANDNGVDGEWTYDDAVKTFTVTE,1.148
T49W,MQYKLILNGKTLKGETTTEAVDAATAEKVFKQYANDNGVDGEWTYDDAWKTFTVTE,1.299
T49Y,MQYKLILNGKTLKGETTTEAVDAATAEKVFKQYANDNGVDGEWTYDDAYKTFTVTE,1.28
K50A,MQYKLILNGKTLKGETTTEAVDAATAEKVFKQYANDNGVDGEWTYDDATATFTVTE,1.161
K50C,MQYKLILNGKTLKGETTTEAVDAATAEKVFKQYANDNGVDGEWTYDDATCTFTVTE,0.967
K50D,MQYKLILNGKTLKGETTTEAVDAATAEKVFKQYANDNGVDGEWTYDDATDTFTVTE,0.951
K50E,MQYKLILNGKTLKGETTTEAVDAATAEKVFKQYANDNGVDGEWTYDDATETFTVTE,1.006
K50F,MQYKLILNGKTLKGETTTEAVDAATAEKVFKQYANDNGVDGEWTYDDATFTFTVTE,0.755
K50G,MQYKLILNGKTLKGETTTEAVDAATAEKVFKQYANDNGVDGEWTYDDATGTFTVTE,1.561
K50H,MQYKLILNGKTLKGETTTEAVDAATAEKVFKQYANDNGVDGEWTYDDATHTFTVTE,1.182
K50I,MQYKLILNGKTLKGETTTEAVDAATAEKVFKQYANDNGVDGEWTYDDATITFTVTE,0.839
K50L,MQYKLILNGKTLKGETTTEAVDAATAEKVFKQYANDNGVDGEWTYDDATLTFTVTE,0.89
K50M,MQYKLILNGKTLKGETTTEAVDAATAEKVFKQYANDNGVDGEWTYDDATMTFTVTE,0.797
K50N,MQYKLILNGKTLKGETTTEAVDAATAEKVFKQYANDNGVDGEWTYDDATNTFTVTE,0.956
K50P,MQYKLILNGKTLKGETTTEAVDAATAEKVFKQYANDNGVDGEWTYDDATPTFTVTE,0.382
K50Q,MQYKLILNGKTLKGETTTEAVDAATAEKVFKQYANDNGVDGEWTYDDATQTFTVTE,1.08
K50R,MQYKLILNGKTLKGETTTEAVDAATAEKVFKQYANDNGVDGEWTYDDATRTFTVTE,1.333
K50S,MQYKLILNGKTLKGETTTEAVDAATAEKVFKQYANDNGVDGEWTYDDATSTFTVTE,1.101
K50T,MQYKLILNGKTLKGETTTEAVDAATAEKVFKQYANDNGVDGEWTYDDATTTFTVTE,1.006
K50V,MQYKLILNGKTLKGETTTEAVDAATAEKVFKQYANDNGVDGEWTYDDATVTFTVTE,1.065
K50W,MQYKLILNGKTLKGETTTEAVDAATAEKVFKQYANDNGVDGEWTYDDATWTFTVTE,0.949
K50Y,MQYKLILNGKTLKGETTTEAVDAATAEKVFKQYANDNGVDGEWTYDDATYTFTVTE,0.832
T51A,MQYKLILNGKTLKGETTTEAVDAATAEKVFKQYANDNGVDGEWTYDDATKAFTVTE,0.836
T51C,MQYKLILNGKTLKGETTTEAVDAATAEKVFKQYANDNGVDGEWTYDDATKCFTVTE,1.174
T51D,MQYKLILNGKTLKGETTTEAVDAATAEKVFKQYANDNGVDGEWTYDDATKDFTVTE,1.232
T51E,MQYKLILNGKTLKGETTTEAVDAATAEKVFKQYANDNGVDGEWTYDDATKEFTVTE,1.533
T51F,MQYKLILNGKTLKGETTTEAVDAATAEKVFKQYANDNGVDGEWTYDDATKFFTVTE,1.584
T51G,MQYKLILNGKTLKGETTTEAVDAATAEKVFKQYANDNGVDGEWTYDDATKGFTVTE,1.068
T51H,MQYKLILNGKTLKGETTTEAVDAATAEKVFKQYANDNGVDGEWTYDDATKHFTVTE,1.677
T51I,MQYKLILNGKTLKGETTTEAVDAATAEKVFKQYANDNGVDGEWTYDDATKIFTVTE,1.762
T51K,MQYKLILNGKTLKGETTTEAVDAATAEKVFKQYANDNGVDGEWTYDDATKKFTVTE,1.686
T51L,MQYKLILNGKTLKGETTTEAVDAATAEKVFKQYANDNGVDGEWTYDDATKLFTVTE,2.081
T51M,MQYKLILNGKTLKGETTTEAVDAATAEKVFKQYANDNGVDGEWTYDDATKMFTVTE,1.833
T51N,MQYKLILNGKTLKGETTTEAVDAATAEKVFKQYANDNGVDGEWTYDDATKNFTVTE,1.396
T51P,MQYKLILNGKTLKGETTTEAVDAATAEKVFKQYANDNGVDGEWTYDDATKPFTVTE,0.02
T51Q,MQYKLILNGKTLKGETTTEAVDAATAEKVFKQYANDNGVDGEWTYDDATKQFTVTE,1.676
T51R,MQYKLILNGKTLKGETTTEAVDAATAEKVFKQYANDNGVDGEWTYDDATKRFTVTE,1.686
T51S,MQYKLILNGKTLKGETTTEAVDAATAEKVFKQYANDNGVDGEWTYDDATKSFTVTE,0.877
T51V,MQYKLILNGKTLKGETTTEAVDAATAEKVFKQYANDNGVDGEWTYDDATKVFTVTE,1.798
T51W,MQYKLILNGKTLKGETTTEAVDAATAEKVFKQYANDNGVDGEWTYDDATKWFTVTE,1.721
T51Y,MQYKLILNGKTLKGETTTEAVDAATAEKVFKQYANDNGVDGEWTYDDATKYFTVTE,1.628
F52A,MQYKLILNGKTLKGETTTEAVDAATAEKVFKQYANDNGVDGEWTYDDATKTATVTE,0.018
F52C,MQYKLILNGKTLKGETTTEAVDAATAEKVFKQYANDNGVDGEWTYDDATKTCTVTE,0.022
F52D,MQYKLILNGKTLKGETTTEAVDAATAEKVFKQYANDNGVDGEWTYDDATKTDTVTE,0.004
F52E,MQYKLILNGKTLKGETTTEAVDAATAEKVFKQYANDNGVDGEWTYDDATKTETVTE,0.004
F52G,MQYKLILNGKTLKGETTTEAVDAATAEKVFKQYANDNGVDGEWTYDDATKTGTVTE,0.005
F52H,MQYKLILNGKTLKGETTTEAVDAATAEKVFKQYANDNGVDGEWTYDDATKTHTVTE,0.022
F52I,MQYKLILNGKTLKGETTTEAVDAATAEKVFKQYANDNGVDGEWTYDDATKTITVTE,0.06
F52K,MQYKLILNGKTLKGETTTEAVDAATAEKVFKQYANDNGVDGEWTYDDATKTKTVTE,0.004
F52L,MQYKLILNGKTLKGETTTEAVDAATAEKVFKQYANDNGVDGEWTYDDATKTLTVTE,0.211
F52M,MQYKLILNGKTLKGETTTEAVDAATAEKVFKQYANDNGVDGEWTYDDATKTMTVTE,0.184
F52N,MQYKLILNGKTLKGETTTEAVDAATAEKVFKQYANDNGVDGEWTYDDATKTNTVTE,0.004
F52P,MQYKLILNGKTLKGETTTEAVDAATAEKVFKQYANDNGVDGEWTYDDATKTPTVTE,0.004
F52Q,MQYKLILNGKTLKGETTTEAVDAATAEKVFKQYANDNGVDGEWTYDDATKTQTVTE,0.004
F52R,MQYKLILNGKTLKGETTTEAVDAATAEKVFKQYANDNGVDGEWTYDDATKTRTVTE,0.004
F52S,MQYKLILNGKTLKGETTTEAVDAATAEKVFKQYANDNGVDGEWTYDDATKTSTVTE,0.006
F52T,MQYKLILNGKTLKGETTTEAVDAATAEKVFKQYANDNGVDGEWTYDDATKTTTVTE,0.007
F52V,MQYKLILNGKTLKGETTTEAVDAATAEKVFKQYANDNGVDGEWTYDDATKTVTVTE,0.032
F52W,MQYKLILNGKTLKGETTTEAVDAATAEKVFKQYANDNGVDGEWTYDDATKTWTVTE,0.007
F52Y,MQYKLILNGKTLKGETTTEAVDAATAEKVFKQYANDNGVDGEWTYDDATKTYTVTE,0.105
T53A,MQYKLILNGKTLKGETTTEAVDAATAEKVFKQYANDNGVDGEWTYDDATKTFAVTE,1.004
T53C,MQYKLILNGKTLKGETTTEAVDAATAEKVFKQYANDNGVDGEWTYDDATKTFCVTE,0.923
T53D,MQYKLILNGKTLKGETTTEAVDAATAEKVFKQYANDNGVDGEWTYDDATKTFDVTE,0.632
T53E,MQYKLILNGKTLKGETTTEAVDAATAEKVFKQYANDNGVDGEWTYDDATKTFEVTE,0.963
T53F,MQYKLILNGKTLKGETTTEAVDAATAEKVFKQYANDNGVDGEWTYDDATKTFFVTE,0.541
T53G,MQYKLILNGKTLKGETTTEAVDAATAEKVFKQYANDNGVDGEWTYDDATKTFGVTE,1.779
T53H,MQYKLILNGKTLKGETTTEAVDAATAEKVFKQYANDNGVDGEWTYDDATKTFHVTE,0.678
T53I,MQYKLILNGKTLKGETTTEAVDAATAEKVFKQYANDNGVDGEWTYDDATKTFIVTE,0.759
T53K,MQYKLILNGKTLKGETTTEAVDAATAEKVFKQYANDNGVDGEWTYDDATKTFKVTE,0.953
T53L,MQYKLILNGKTLKGETTTEAVDAATAEKVFKQYANDNGVDGEWTYDDATKTFLVTE,0.556
T53M,MQYKLILNGKTLKGETTTEAVDAATAEKVFKQYANDNGVDGEWTYDDATKTFMVTE,0.801
T53N,MQYKLILNGKTLKGETTTEAVDAATAEKVFKQYANDNGVDGEWTYDDATKTFNVTE,0.764
T53P,MQYKLILNGKTLKGETTTEAVDAATAEKVFKQYANDNGVDGEWTYDDATKTFPVTE,0.009
T53Q,MQYKLILNGKTLKGETTTEAVDAATAEKVFKQYANDNGVDGEWTYDDATKTFQVTE,1.022
T53R,MQYKLILNGKTLKGETTTEAVDAATAEKVFKQYANDNGVDGEWTYDDATKTFRVTE,0.904
T53S,MQYKLILNGKTLKGETTTEAVDAATAEKVFKQYANDNGVDGEWTYDDATKTFSVTE,1.172
T53V,MQYKLILNGKTLKGETTTEAVDAATAEKVFKQYANDNGVDGEWTYDDATKTFVVTE,1.066
T53W,MQYKLILNGKTLKGETTTEAVDAATAEKVFKQYANDNGVDGEWTYDDATKTFWVTE,1.007
T53Y,MQYKLILNGKTLKGETTTEAVDAATAEKVFKQYANDNGVDGEWTYDDATKTFYVTE,0.586
V54A,MQYKLILNGKTLKGETTTEAVDAATAEKVFKQYANDNGVDGEWTYDDATKTFTATE,1.185
V54C,MQYKLILNGKTLKGETTTEAVDAATAEKVFKQYANDNGVDGEWTYDDATKTFTCTE,1.22
V54D,MQYKLILNGKTLKGETTTEAVDAATAEKVFKQYANDNGVDGEWTYDDATKTFTDTE,0.027
V54E,MQYKLILNGKTLKGETTTEAVDAATAEKVFKQYANDNGVDGEWTYDDATKTFTETE,0.03
V54F,MQYKLILNGKTLKGETTTEAVDAATAEKVFKQYANDNGVDGEWTYDDATKTFTFTE,0.708
V54G,MQYKLILNGKTLKGETTTEAVDAATAEKVFKQYANDNGVDGEWTYDDATKTFTGTE,0.229
V54H,MQYKLILNGKTLKGETTTEAVDAATAEKVFKQYANDNGVDGEWTYDDATKTFTHTE,0.14
V54I,MQYKLILNGKTLKGETTTEAVDAATAEKVFKQYANDNGVDGEWTYDDATKTFTITE,0.325
V54K,MQYKLILNGKTLKGETTTEAVDAATAEKVFKQYANDNGVDGEWTYDDATKTFTKTE,0.007
V54L,MQYKLILNGKTLKGETTTEAVDAATAEKVFKQYANDNGVDGEWTYDDATKTFTLTE,0.328
V54M,MQYKLILNGKTLKGETTTEAVDAATAEKVFKQYANDNGVDGEWTYDDATKTFTMTE,0.505
V54N,MQYKLILNGKTLKGETTTEAVDAATAEKVFKQYANDNGVDGEWTYDDATKTFTNTE,0.194
V54P,MQYKLILNGKTLKGETTTEAVDAATAEKVFKQYANDNGVDGEWTYDDATKTFTPTE,0.007
V54Q,MQYKLILNGKTLKGETTTEAVDAATAEKVFKQYANDNGVDGEWTYDDATKTFTQTE,0.107
V54R,MQYKLILNGKTLKGETTTEAVDAATAEKVFKQYANDNGVDGEWTYDDATKTFTRTE,0.005
V54S,MQYKLILNGKTLKGETTTEAVDAATAEKVFKQYANDNGVDGEWTYDDATKTFTSTE,0.428
V54T,MQYKLILNGKTLKGETTTEAVDAATAEKVFKQYANDNGVDGEWTYDDATKTFTTTE,0.531
V54W,MQYKLILNGKTLKGETTTEAVDAATAEKVFKQYANDNGVDGEWTYDDATKTFTWTE,0.604
V54Y,MQYKLILNGKTLKGETTTEAVDAATAEKVFKQYANDNGVDGEWTYDDATKTFTYTE,0.025
T55A,MQYKLILNGKTLKGETTTEAVDAATAEKVFKQYANDNGVDGEWTYDDATKTFTVAE,0.683
T55C,MQYKLILNGKTLKGETTTEAVDAATAEKVFKQYANDNGVDGEWTYDDATKTFTVCE,0.7
T55D,MQYKLILNGKTLKGETTTEAVDAATAEKVFKQYANDNGVDGEWTYDDATKTFTVDE,0.51
T55E,MQYKLILNGKTLKGETTTEAVDAATAEKVFKQYANDNGVDGEWTYDDATKTFTVEE,0.618
T55F,MQYKLILNGKTLKGETTTEAVDAATAEKVFKQYANDNGVDGEWTYDDATKTFTVFE,0.605
T55G,MQYKLILNGKTLKGETTTEAVDAATAEKVFKQYANDNGVDGEWTYDDATKTFTVGE,0.452
T55H,MQYKLILNGKTLKGETTTEAVDAATAEKVFKQYANDNGVDGEWTYDDATKTFTVHE,0.597
T55I,MQYKLILNGKTLKGETTTEAVDAATAEKVFKQYANDNGVDGEWTYDDATKTFTVIE,0.551
T55K,MQYKLILNGKTLKGETTTEAVDAATAEKVFKQYANDNGVDGEWTYDDATKTFTVKE,0.849
T55L,MQYKLILNGKTLKGETTTEAVDAATAEKVFKQYANDNGVDGEWTYDDATKTFTVLE,0.587
T55M,MQYKLILNGKTLKGETTTEAVDAATAEKVFKQYANDNGVDGEWTYDDATKTFTVME,0.622
T55N,MQYKLILNGKTLKGETTTEAVDAATAEKVFKQYANDNGVDGEWTYDDATKTFTVNE,0.615
T55P,MQYKLILNGKTLKGETTTEAVDAATAEKVFKQYANDNGVDGEWTYDDATKTFTVPE,0.033
T55Q,MQYKLILNGKTLKGETTTEAVDAATAEKVFKQYANDNGVDGEWTYDDATKTFTVQE,0.682
T55R,MQYKLILNGKTLKGETTTEAVDAATAEKVFKQYANDNGVDGEWTYDDATKTFTVRE,0.941
T55S,MQYKLILNGKTLKGETTTEAVDAATAEKVFKQYANDNGVDGEWTYDDATKTFTVSE,0.84
T55V,MQYKLILNGKTLKGETTTEAVDAATAEKVFKQYANDNGVDGEWTYDDATKTFTVVE,0.669
T55W,MQYKLILNGKTLKGETTTEAVDAATAEKVFKQYANDNGVDGEWTYDDATKTFTVWE,0.798
T55Y,MQYKLILNGKTLKGETTTEAVDAATAEKVFKQYANDNGVDGEWTYDDATKTFTVYE,0.663
E56A,MQYKLILNGKTLKGETTTEAVDAATAEKVFKQYANDNGVDGEWTYDDATKTFTVTA,0.306
E56C,MQYKLILNGKTLKGETTTEAVDAATAEKVFKQYANDNGVDGEWTYDDATKTFTVTC,0.207
E56D,MQYKLILNGKTLKGETTTEAVDAATAEKVFKQYANDNGVDGEWTYDDATKTFTVTD,0.171
E56F,MQYKLILNGKTLKGETTTEAVDAATAEKVFKQYANDNGVDGEWTYDDATKTFTVTF,0.207
E56G,MQYKLILNGKTLKGETTTEAVDAATAEKVFKQYANDNGVDGEWTYDDATKTFTVTG,0.231
E56H,MQYKLILNGKTLKGETTTEAVDAATAEKVFKQYANDNGVDGEWTYDDATKTFTVTH,0.244
E56I,MQYKLILNGKTLKGETTTEAVDAATAEKVFKQYANDNGVDGEWTYDDATKTFTVTI,0.136
E56K,MQYKLILNGKTLKGETTTEAVDAATAEKVFKQYANDNGVDGEWTYDDATKTFTVTK,0.258
E56L,MQYKLILNGKTLKGETTTEAVDAATAEKVFKQYANDNGVDGEWTYDDATKTFTVTL,0.137
E56M,MQYKLILNGKTLKGETTTEAVDAATAEKVFKQYANDNGVDGEWTYDDATKTFTVTM,0.172
E56N,MQYKLILNGKTLKGETTTEAVDAATAEKVFKQYANDNGVDGEWTYDDATKTFTVTN,0.212
E56P,MQYKLILNGKTLKGETTTEAVDAATAEKVFKQYANDNGVDGEWTYDDATKTFTVTP,0.142
E56Q,MQYKLILNGKTLKGETTTEAVDAATAEKVFKQYANDNGVDGEWTYDDATKTFTVTQ,0.407
E56R,MQYKLILNGKTLKGETTTEAVDAATAEKVFKQYANDNGVDGEWTYDDATKTFTVTR,0.267
E56S,MQYKLILNGKTLKGETTTEAVDAATAEKVFKQYANDNGVDGEWTYDDATKTFTVTS,0.356
E56T,MQYKLILNGKTLKGETTTEAVDAATAEKVFKQYANDNGVDGEWTYDDATKTFTVTT,0.41
E56V,MQYKLILNGKTLKGETTTEAVDAATAEKVFKQYANDNGVDGEWTYDDATKTFTVTV,0.248
E56W,MQYKLILNGKTLKGETTTEAVDAATAEKVFKQYANDNGVDGEWTYDDATKTFTVTW,0.301
E56Y,MQYKLILNGKTLKGETTTEAVDAATAEKVFKQYANDNGVDGEWTYDDATKTFTVTY,0.19
